2025-03-24 11:51:01,046 INFO o.a.j.u.JMeterUtils: Setting Locale to en_EN
2025-03-24 11:51:01,092 INFO o.a.j.JMeter: Loading user properties from: user.properties
2025-03-24 11:51:01,094 INFO o.a.j.JMeter: Loading system properties from: system.properties
2025-03-24 11:51:01,115 INFO o.a.j.JMeter: Copyright (c) 1998-2024 The Apache Software Foundation
2025-03-24 11:51:01,115 INFO o.a.j.JMeter: Version 5.6.3
2025-03-24 11:51:01,115 INFO o.a.j.JMeter: java.version=23.0.1
2025-03-24 11:51:01,115 INFO o.a.j.JMeter: java.vm.name=Java HotSpot(TM) 64-Bit Server VM
2025-03-24 11:51:01,115 INFO o.a.j.JMeter: os.name=Windows 11
2025-03-24 11:51:01,115 INFO o.a.j.JMeter: os.arch=amd64
2025-03-24 11:51:01,115 INFO o.a.j.JMeter: os.version=10.0
2025-03-24 11:51:01,115 INFO o.a.j.JMeter: file.encoding=UTF-8
2025-03-24 11:51:01,115 INFO o.a.j.JMeter: java.awt.headless=null
2025-03-24 11:51:01,115 INFO o.a.j.JMeter: Max memory     =1073741824
2025-03-24 11:51:01,115 INFO o.a.j.JMeter: Available Processors =4
2025-03-24 11:51:01,130 INFO o.a.j.JMeter: Default Locale=English (EN)
2025-03-24 11:51:01,130 INFO o.a.j.JMeter: JMeter  Locale=English (EN)
2025-03-24 11:51:01,130 INFO o.a.j.JMeter: JMeterHome=D:\Jmeter\apache-jmeter-5.6.3\apache-jmeter-5.6.3
2025-03-24 11:51:01,130 INFO o.a.j.JMeter: user.dir  =D:\Jmeter\apache-jmeter-5.6.3\apache-jmeter-5.6.3\bin
2025-03-24 11:51:01,130 INFO o.a.j.JMeter: PWD       =D:\Jmeter\apache-jmeter-5.6.3\apache-jmeter-5.6.3\bin
2025-03-24 11:51:01,173 INFO o.a.j.JMeter: IP: 192.168.0.56 Name: TSI-0174-Pradeep FullName: 192.168.0.56
2025-03-24 11:51:01,231 INFO o.a.j.JMeter: Loaded icon properties from org/apache/jmeter/images/icon.properties
2025-03-24 11:51:01,559 INFO o.a.j.JMeterGuiLauncher: Setting LAF to: laf:javax.swing.plaf.nimbus.NimbusLookAndFeel
2025-03-24 11:51:28,223 INFO o.a.j.s.FileServer: Default base='D:\Jmeter\apache-jmeter-5.6.3\apache-jmeter-5.6.3\bin'
2025-03-24 11:51:28,225 INFO o.a.j.g.a.Load: Loading file: C:\Users\tsi\Downloads\PureHockeysite.jmx
2025-03-24 11:51:28,225 INFO o.a.j.s.FileServer: Set new base='C:\Users\tsi\Downloads'
2025-03-24 11:51:28,559 INFO o.a.j.s.SaveService: Testplan (JMX) version: 2.2. Testlog (JTL) version: 2.2
2025-03-24 11:51:28,610 INFO o.a.j.s.SaveService: Using SaveService properties version 5.0
2025-03-24 11:51:28,613 INFO o.a.j.s.SaveService: Using SaveService properties file encoding UTF-8
2025-03-24 11:51:28,613 INFO o.a.j.s.SaveService: Loading file: C:\Users\tsi\Downloads\PureHockeysite.jmx
2025-03-24 11:51:28,615 WARN o.a.j.g.a.Load: Error reading file. java.io.FileNotFoundException: C:\Users\tsi\Downloads\PureHockeysite.jmx (The system cannot find the file specified)
2025-03-24 11:51:28,615 ERROR o.a.j.u.JMeterUtils: C:\Users\tsi\Downloads\PureHockeysite.jmx (The system cannot find the file specified)
2025-03-24 11:51:48,681 INFO o.a.j.g.a.t.TemplateManager: Reading templates from: D:\Jmeter\apache-jmeter-5.6.3\apache-jmeter-5.6.3\bin\templates\templates.xml
2025-03-24 11:51:53,963 INFO o.a.j.g.a.Load: Loading file: D:\Jmeter\apache-jmeter-5.6.3\apache-jmeter-5.6.3\bin\templates\recording-with-think-time.jmx
2025-03-24 11:51:53,963 INFO o.a.j.s.SaveService: Loading file: D:\Jmeter\apache-jmeter-5.6.3\apache-jmeter-5.6.3\bin\templates\recording-with-think-time.jmx
2025-03-24 11:51:53,995 INFO o.a.j.p.h.c.CookieManager: Settings: Delete null: true Check: true Allow variable: true Save: false Prefix: COOKIE_
2025-03-24 11:51:54,886 INFO o.a.j.e.KeyToolUtils: keytool found at 'keytool'
2025-03-24 11:51:54,886 INFO o.a.j.p.h.p.ProxyControl: HTTP(S) Test Script Recorder SSL Proxy will use keys that support embedded 3rd party resources in file D:\Jmeter\apache-jmeter-5.6.3\apache-jmeter-5.6.3\bin\proxyserver.jks
2025-03-24 11:51:54,921 INFO o.a.j.p.h.s.HTTPSamplerBase: Parser for text/html is org.apache.jmeter.protocol.http.parser.LagartoBasedHtmlParser
2025-03-24 11:51:54,921 INFO o.a.j.p.h.s.HTTPSamplerBase: Parser for application/xhtml+xml is org.apache.jmeter.protocol.http.parser.LagartoBasedHtmlParser
2025-03-24 11:51:54,921 INFO o.a.j.p.h.s.HTTPSamplerBase: Parser for application/xml is org.apache.jmeter.protocol.http.parser.LagartoBasedHtmlParser
2025-03-24 11:51:54,921 INFO o.a.j.p.h.s.HTTPSamplerBase: Parser for text/xml is org.apache.jmeter.protocol.http.parser.LagartoBasedHtmlParser
2025-03-24 11:51:54,921 INFO o.a.j.p.h.s.HTTPSamplerBase: Parser for text/vnd.wap.wml is org.apache.jmeter.protocol.http.parser.RegexpHTMLParser
2025-03-24 11:51:54,921 INFO o.a.j.p.h.s.HTTPSamplerBase: Parser for text/css is org.apache.jmeter.protocol.http.parser.CssParser
2025-03-24 11:51:55,114 INFO o.a.j.s.SampleResult: Note: Sample TimeStamps are START times
2025-03-24 11:51:55,114 INFO o.a.j.s.SampleResult: sampleresult.default.encoding is set to UTF-8
2025-03-24 11:51:55,114 INFO o.a.j.s.SampleResult: sampleresult.useNanoTime=true
2025-03-24 11:51:55,114 INFO o.a.j.s.SampleResult: sampleresult.nanoThreadSleep=5000
2025-03-24 12:12:41,209 INFO o.a.j.e.u.CompoundVariable: Note: Function class names must contain the string: '.functions.'
2025-03-24 12:12:41,209 INFO o.a.j.e.u.CompoundVariable: Note: Function class names must not contain the string: '.gui.'
2025-03-24 12:12:41,425 WARN o.a.j.p.h.p.ProxyControl: Could not open/read key store D:\Jmeter\apache-jmeter-5.6.3\apache-jmeter-5.6.3\bin\proxyserver.jks (The system cannot find the file specified), a new one will be created, ensure you install it in browser
java.io.FileNotFoundException: D:\Jmeter\apache-jmeter-5.6.3\apache-jmeter-5.6.3\bin\proxyserver.jks (The system cannot find the file specified)
	at java.base/java.io.FileInputStream.open0(Native Method) ~[?:?]
	at java.base/java.io.FileInputStream.open(FileInputStream.java:219) ~[?:?]
	at java.base/java.io.FileInputStream.<init>(FileInputStream.java:159) ~[?:?]
	at org.apache.jmeter.protocol.http.proxy.ProxyControl.getKeyStore(ProxyControl.java:1698) ~[ApacheJMeter_http.jar:5.6.3]
	at org.apache.jmeter.protocol.http.proxy.ProxyControl.initDynamicKeyStore(ProxyControl.java:1576) ~[ApacheJMeter_http.jar:5.6.3]
	at org.apache.jmeter.protocol.http.proxy.ProxyControl.initKeyStore(ProxyControl.java:1529) ~[ApacheJMeter_http.jar:5.6.3]
	at org.apache.jmeter.protocol.http.proxy.ProxyControl.startProxy(ProxyControl.java:536) ~[ApacheJMeter_http.jar:5.6.3]
	at org.apache.jmeter.protocol.http.proxy.gui.ProxyControlGui.startProxy(ProxyControlGui.java:630) ~[ApacheJMeter_http.jar:5.6.3]
	at org.apache.jmeter.protocol.http.proxy.gui.ProxyControlGui.actionPerformed(ProxyControlGui.java:468) ~[ApacheJMeter_http.jar:5.6.3]
	at java.desktop/javax.swing.AbstractButton.fireActionPerformed(AbstractButton.java:1972) ~[?:?]
	at java.desktop/javax.swing.AbstractButton$Handler.actionPerformed(AbstractButton.java:2314) ~[?:?]
	at java.desktop/javax.swing.DefaultButtonModel.fireActionPerformed(DefaultButtonModel.java:407) ~[?:?]
	at java.desktop/javax.swing.DefaultButtonModel.setPressed(DefaultButtonModel.java:262) ~[?:?]
	at java.desktop/javax.swing.plaf.basic.BasicButtonListener.mouseReleased(BasicButtonListener.java:279) ~[?:?]
	at java.desktop/java.awt.Component.processMouseEvent(Component.java:6621) ~[?:?]
	at java.desktop/javax.swing.JComponent.processMouseEvent(JComponent.java:3404) ~[?:?]
	at java.desktop/java.awt.Component.processEvent(Component.java:6386) ~[?:?]
	at java.desktop/java.awt.Container.processEvent(Container.java:2266) ~[?:?]
	at java.desktop/java.awt.Component.dispatchEventImpl(Component.java:4996) ~[?:?]
	at java.desktop/java.awt.Container.dispatchEventImpl(Container.java:2324) ~[?:?]
	at java.desktop/java.awt.Component.dispatchEvent(Component.java:4828) ~[?:?]
	at java.desktop/java.awt.LightweightDispatcher.retargetMouseEvent(Container.java:4948) ~[?:?]
	at java.desktop/java.awt.LightweightDispatcher.processMouseEvent(Container.java:4575) ~[?:?]
	at java.desktop/java.awt.LightweightDispatcher.dispatchEvent(Container.java:4516) ~[?:?]
	at java.desktop/java.awt.Container.dispatchEventImpl(Container.java:2310) ~[?:?]
	at java.desktop/java.awt.Window.dispatchEventImpl(Window.java:2780) ~[?:?]
	at java.desktop/java.awt.Component.dispatchEvent(Component.java:4828) ~[?:?]
	at java.desktop/java.awt.EventQueue.dispatchEventImpl(EventQueue.java:775) ~[?:?]
	at java.desktop/java.awt.EventQueue$4.run(EventQueue.java:720) ~[?:?]
	at java.desktop/java.awt.EventQueue$4.run(EventQueue.java:714) ~[?:?]
	at java.base/java.security.AccessController.doPrivileged(AccessController.java:400) [?:?]
	at java.base/java.security.ProtectionDomain$JavaSecurityAccessImpl.doIntersectionPrivilege(ProtectionDomain.java:87) ~[?:?]
	at java.base/java.security.ProtectionDomain$JavaSecurityAccessImpl.doIntersectionPrivilege(ProtectionDomain.java:98) ~[?:?]
	at java.desktop/java.awt.EventQueue$5.run(EventQueue.java:747) ~[?:?]
	at java.desktop/java.awt.EventQueue$5.run(EventQueue.java:745) ~[?:?]
	at java.base/java.security.AccessController.doPrivileged(AccessController.java:400) [?:?]
	at java.base/java.security.ProtectionDomain$JavaSecurityAccessImpl.doIntersectionPrivilege(ProtectionDomain.java:87) [?:?]
	at java.desktop/java.awt.EventQueue.dispatchEvent(EventQueue.java:744) [?:?]
	at java.desktop/java.awt.EventDispatchThread.pumpOneEventForFilters(EventDispatchThread.java:203) [?:?]
	at java.desktop/java.awt.EventDispatchThread.pumpEventsForFilter(EventDispatchThread.java:124) [?:?]
	at java.desktop/java.awt.EventDispatchThread.pumpEventsForHierarchy(EventDispatchThread.java:113) [?:?]
	at java.desktop/java.awt.EventDispatchThread.pumpEvents(EventDispatchThread.java:109) [?:?]
	at java.desktop/java.awt.EventDispatchThread.pumpEvents(EventDispatchThread.java:101) [?:?]
	at java.desktop/java.awt.EventDispatchThread.run(EventDispatchThread.java:90) [?:?]
2025-03-24 12:12:41,630 INFO o.a.j.p.h.p.ProxyControl: Creating HTTP(S) Test Script Recorder Root CA in D:\Jmeter\apache-jmeter-5.6.3\apache-jmeter-5.6.3\bin\proxyserver.jks, ensure you install certificate in your Browser for recording
2025-03-24 12:12:47,420 INFO o.a.j.p.h.p.ProxyControl: Created keystore in D:\Jmeter\apache-jmeter-5.6.3\apache-jmeter-5.6.3\bin\proxyserver.jks
2025-03-24 12:12:47,562 INFO o.a.j.p.h.p.Daemon: Creating Daemon Socket on port: 8888
2025-03-24 12:12:47,578 INFO o.a.j.p.h.p.Daemon: Test Script Recorder up and running!
2025-03-24 12:12:55,071 INFO o.a.j.p.h.p.Proxy: Proxy will remove the headers: If-Modified-Since,If-None-Match,Host
2025-03-24 12:12:55,089 INFO o.a.j.p.h.p.ProxyControl: [59766]  Creating entry plustech-inc.com in D:\Jmeter\apache-jmeter-5.6.3\apache-jmeter-5.6.3\bin\proxyserver.jks
2025-03-24 12:12:57,300 INFO o.a.j.p.h.s.HTTPHCAbstractImpl: Local host = TSI-0174-Pradeep
2025-03-24 12:12:57,310 INFO o.a.j.p.h.s.HTTPHC4Impl: HTTP request retry count = 0
2025-03-24 12:12:58,024 INFO o.a.j.s.SampleEvent: List of sample_variables: []
2025-03-24 12:12:58,224 INFO o.a.j.p.h.p.ProxyControl: Add sample -1 into controller 
2025-03-24 12:12:59,212 INFO o.a.j.p.h.p.Proxy: [59766]  KeyStore for SSL loaded OK and put host 'plustech-inc.com' in map with key (plustech-inc.com)
2025-03-24 12:12:59,405 INFO o.a.j.p.h.p.ProxyControl: [59773]  Creating entry merino.services.mozilla.com in D:\Jmeter\apache-jmeter-5.6.3\apache-jmeter-5.6.3\bin\proxyserver.jks
2025-03-24 12:12:59,753 WARN o.a.j.p.h.p.Proxy: [59766]  Problem with SSL certificate for url  for 'plustech-inc.com'? Ensure browser is set to accept the JMeter proxy cert: An established connection was aborted by the software in your host machine
2025-03-24 12:12:59,755 WARN o.a.j.p.h.p.Proxy: [59772]  Problem with SSL certificate for url  for 'plustech-inc.com'? Ensure browser is set to accept the JMeter proxy cert: An established connection was aborted by the software in your host machine
2025-03-24 12:13:00,327 INFO o.a.j.p.h.p.ProxyControl: Add sample -2 into controller 
2025-03-24 12:13:00,448 WARN o.a.j.p.h.p.Proxy: [59783]  Problem with SSL certificate for url  for 'plustech-inc.com'? Ensure browser is set to accept the JMeter proxy cert: An established connection was aborted by the software in your host machine
2025-03-24 12:13:03,653 INFO o.a.j.p.h.p.ProxyControl: [59784]  Creating entry incoming.telemetry.mozilla.org in D:\Jmeter\apache-jmeter-5.6.3\apache-jmeter-5.6.3\bin\proxyserver.jks
2025-03-24 12:13:03,733 INFO o.a.j.p.h.p.Proxy: [59773]  KeyStore for SSL loaded OK and put host 'merino.services.mozilla.com' in map with key (merino.services.mozilla.com)
2025-03-24 12:13:03,788 WARN o.a.j.p.h.p.Proxy: [59773]  Problem with SSL certificate for url  for 'merino.services.mozilla.com'? Ensure browser is set to accept the JMeter proxy cert: An established connection was aborted by the software in your host machine
2025-03-24 12:13:03,818 WARN o.a.j.p.h.p.Proxy: [59795]  Problem with SSL certificate for url  for 'merino.services.mozilla.com'? Ensure browser is set to accept the JMeter proxy cert: An established connection was aborted by the software in your host machine
2025-03-24 12:13:03,849 WARN o.a.j.p.h.p.Proxy: [59800]  Problem with SSL certificate for url  for 'merino.services.mozilla.com'? Ensure browser is set to accept the JMeter proxy cert: An established connection was aborted by the software in your host machine
2025-03-24 12:13:07,420 INFO o.a.j.p.h.p.Proxy: [59784]  KeyStore for SSL loaded OK and put host 'incoming.telemetry.mozilla.org' in map with key (incoming.telemetry.mozilla.org)
2025-03-24 12:13:07,442 WARN o.a.j.p.h.p.Proxy: [59774]  Problem with SSL certificate for url  for 'merino.services.mozilla.com'? Ensure browser is set to accept the JMeter proxy cert: An established connection was aborted by the software in your host machine
2025-03-24 12:13:07,446 WARN o.a.j.p.h.p.Proxy: [59784]  Problem with SSL certificate for url  for 'incoming.telemetry.mozilla.org'? Ensure browser is set to accept the JMeter proxy cert: An established connection was aborted by the software in your host machine
2025-03-24 12:13:07,464 WARN o.a.j.p.h.p.Proxy: [59810]  Problem with SSL certificate for url  for 'incoming.telemetry.mozilla.org'? Ensure browser is set to accept the JMeter proxy cert: An established connection was aborted by the software in your host machine
2025-03-24 12:13:07,487 WARN o.a.j.p.h.p.Proxy: [59812]  Problem with SSL certificate for url  for 'incoming.telemetry.mozilla.org'? Ensure browser is set to accept the JMeter proxy cert: An established connection was aborted by the software in your host machine
2025-03-24 12:13:13,472 INFO o.a.j.p.h.s.h.LazyLayeredConnectionSocketFactory: Setting up HTTPS TrustAll Socket Factory
2025-03-24 12:13:13,478 INFO o.a.j.u.JsseSSLManager: Using default SSL protocol: TLS
2025-03-24 12:13:13,478 INFO o.a.j.u.JsseSSLManager: SSL session context: per-thread
2025-03-24 12:13:13,631 INFO o.a.j.u.SSLManager: JmeterKeyStore Location:  type JKS
2025-03-24 12:13:13,631 INFO o.a.j.u.SSLManager: KeyStore created OK
2025-03-24 12:13:13,631 WARN o.a.j.u.SSLManager: Keystore file not found, loading empty keystore
2025-03-24 12:13:14,067 INFO o.a.j.p.h.p.ProxyControl: [59825]  Creating entry www.plustech-inc.com in D:\Jmeter\apache-jmeter-5.6.3\apache-jmeter-5.6.3\bin\proxyserver.jks
2025-03-24 12:13:14,217 INFO o.a.j.p.h.p.ProxyControl: Add sample -21 into controller 
2025-03-24 12:13:19,265 INFO o.a.j.p.h.p.Proxy: [59825]  KeyStore for SSL loaded OK and put host 'www.plustech-inc.com' in map with key (www.plustech-inc.com)
2025-03-24 12:13:19,298 WARN o.a.j.p.h.p.Proxy: [59825]  Problem with SSL certificate for url  for 'www.plustech-inc.com'? Ensure browser is set to accept the JMeter proxy cert: An established connection was aborted by the software in your host machine
2025-03-24 12:13:23,066 INFO o.a.j.p.h.p.ProxyControl: [59838]  Creating entry code.jquery.com in D:\Jmeter\apache-jmeter-5.6.3\apache-jmeter-5.6.3\bin\proxyserver.jks
2025-03-24 12:13:23,302 INFO o.a.j.p.h.p.ProxyControl: Add sample -25 into controller 
2025-03-24 12:13:27,085 INFO o.a.j.p.h.p.ProxyControl: [59873]  Creating entry static.wixstatic.com in D:\Jmeter\apache-jmeter-5.6.3\apache-jmeter-5.6.3\bin\proxyserver.jks
2025-03-24 12:13:27,176 INFO o.a.j.p.h.p.Proxy: [59838]  KeyStore for SSL loaded OK and put host 'code.jquery.com' in map with key (code.jquery.com)
2025-03-24 12:13:27,194 WARN o.a.j.p.h.p.Proxy: [59838]  Problem with SSL certificate for url  for 'code.jquery.com'? Ensure browser is set to accept the JMeter proxy cert: An established connection was aborted by the software in your host machine
2025-03-24 12:13:30,810 INFO o.a.j.p.h.p.Proxy: [59873]  KeyStore for SSL loaded OK and put host 'static.wixstatic.com' in map with key (static.wixstatic.com)
2025-03-24 12:13:30,814 WARN o.a.j.p.h.p.Proxy: [59869]  Problem with SSL certificate for url  for 'static.wixstatic.com'? Ensure browser is set to accept the JMeter proxy cert: An established connection was aborted by the software in your host machine
2025-03-24 12:13:30,815 WARN o.a.j.p.h.p.Proxy: [59868]  Problem with SSL certificate for url  for 'static.wixstatic.com'? Ensure browser is set to accept the JMeter proxy cert: An established connection was aborted by the software in your host machine
2025-03-24 12:13:30,817 WARN o.a.j.p.h.p.Proxy: [59867]  Problem with SSL certificate for url  for 'static.wixstatic.com'? Ensure browser is set to accept the JMeter proxy cert: An established connection was aborted by the software in your host machine
2025-03-24 12:13:30,839 WARN o.a.j.p.h.p.Proxy: [59870]  Problem with SSL certificate for url  for 'static.wixstatic.com'? Ensure browser is set to accept the JMeter proxy cert: An established connection was aborted by the software in your host machine
2025-03-24 12:13:30,847 WARN o.a.j.p.h.p.Proxy: [59871]  Problem with SSL certificate for url  for 'static.wixstatic.com'? Ensure browser is set to accept the JMeter proxy cert: An established connection was aborted by the software in your host machine
2025-03-24 12:13:30,853 WARN o.a.j.p.h.p.Proxy: [59872]  Problem with SSL certificate for url  for 'static.wixstatic.com'? Ensure browser is set to accept the JMeter proxy cert: An established connection was aborted by the software in your host machine
2025-03-24 12:13:30,873 WARN o.a.j.p.h.p.Proxy: [59873]  Problem with SSL certificate for url  for 'static.wixstatic.com'? Ensure browser is set to accept the JMeter proxy cert: An established connection was aborted by the software in your host machine
2025-03-24 12:13:30,906 WARN o.a.j.p.h.p.Proxy: [59866]  Problem with SSL certificate for url  for 'static.wixstatic.com'? Ensure browser is set to accept the JMeter proxy cert: An established connection was aborted by the software in your host machine
2025-03-24 12:13:30,922 WARN o.a.j.p.h.p.Proxy: [59886]  Problem with SSL certificate for url  for 'static.wixstatic.com'? Ensure browser is set to accept the JMeter proxy cert: An established connection was aborted by the software in your host machine
2025-03-24 12:13:30,922 INFO o.a.j.p.h.p.ProxyControl: [59864]  Creating entry static.parastorage.com in D:\Jmeter\apache-jmeter-5.6.3\apache-jmeter-5.6.3\bin\proxyserver.jks
2025-03-24 12:13:30,926 WARN o.a.j.p.h.p.Proxy: [59865]  Problem with SSL certificate for url  for 'static.wixstatic.com'? Ensure browser is set to accept the JMeter proxy cert: An established connection was aborted by the software in your host machine
2025-03-24 12:13:30,928 WARN o.a.j.p.h.p.Proxy: [59884]  Problem with SSL certificate for url  for 'static.wixstatic.com'? Ensure browser is set to accept the JMeter proxy cert: An established connection was aborted by the software in your host machine
2025-03-24 12:13:32,889 WARN o.a.j.p.h.p.Proxy: [59896]  Problem with SSL certificate for url  for 'static.wixstatic.com'? Ensure browser is set to accept the JMeter proxy cert: An established connection was aborted by the software in your host machine
2025-03-24 12:13:32,891 WARN o.a.j.p.h.p.Proxy: [59899]  Problem with SSL certificate for url  for 'static.wixstatic.com'? Ensure browser is set to accept the JMeter proxy cert: An established connection was aborted by the software in your host machine
2025-03-24 12:13:32,908 WARN o.a.j.p.h.p.Proxy: [59901]  Problem with SSL certificate for url  for 'static.wixstatic.com'? Ensure browser is set to accept the JMeter proxy cert: An established connection was aborted by the software in your host machine
2025-03-24 12:13:32,910 WARN o.a.j.p.h.p.Proxy: [59900]  Problem with SSL certificate for url  for 'static.wixstatic.com'? Ensure browser is set to accept the JMeter proxy cert: An established connection was aborted by the software in your host machine
2025-03-24 12:13:32,926 WARN o.a.j.p.h.p.Proxy: [59898]  Problem with SSL certificate for url  for 'static.wixstatic.com'? Ensure browser is set to accept the JMeter proxy cert: An established connection was aborted by the software in your host machine
2025-03-24 12:13:32,928 WARN o.a.j.p.h.p.Proxy: [59897]  Problem with SSL certificate for url  for 'static.wixstatic.com'? Ensure browser is set to accept the JMeter proxy cert: An established connection was aborted by the software in your host machine
2025-03-24 12:13:32,971 WARN o.a.j.p.h.p.Proxy: [59905]  Problem with SSL certificate for url  for 'static.wixstatic.com'? Ensure browser is set to accept the JMeter proxy cert: An established connection was aborted by the software in your host machine
2025-03-24 12:13:33,075 INFO o.a.j.p.h.p.ProxyControl: Add sample -32 into controller 
2025-03-24 12:13:33,186 WARN o.a.j.p.h.p.Proxy: [59912]  Problem with SSL certificate for url  for 'static.wixstatic.com'? Ensure browser is set to accept the JMeter proxy cert: An established connection was aborted by the software in your host machine
2025-03-24 12:13:33,199 WARN o.a.j.p.h.p.Proxy: [59913]  Problem with SSL certificate for url  for 'static.wixstatic.com'? Ensure browser is set to accept the JMeter proxy cert: Connection reset by peer
2025-03-24 12:13:33,214 WARN o.a.j.p.h.p.Proxy: [59911]  Problem with SSL certificate for url  for 'code.jquery.com'? Ensure browser is set to accept the JMeter proxy cert: An established connection was aborted by the software in your host machine
2025-03-24 12:13:33,235 WARN o.a.j.p.h.p.Proxy: [59914]  Problem with SSL certificate for url  for 'static.wixstatic.com'? Ensure browser is set to accept the JMeter proxy cert: An established connection was aborted by the software in your host machine
2025-03-24 12:13:33,653 WARN o.a.j.p.h.p.Proxy: [59937]  Problem with SSL certificate for url  for 'static.wixstatic.com'? Ensure browser is set to accept the JMeter proxy cert: An established connection was aborted by the software in your host machine
2025-03-24 12:13:33,653 WARN o.a.j.p.h.p.Proxy: [59933]  Problem with SSL certificate for url  for 'static.wixstatic.com'? Ensure browser is set to accept the JMeter proxy cert: An established connection was aborted by the software in your host machine
2025-03-24 12:13:33,624 WARN o.a.j.p.h.p.Proxy: [59934]  Problem with SSL certificate for url  for 'static.wixstatic.com'? Ensure browser is set to accept the JMeter proxy cert: An established connection was aborted by the software in your host machine
2025-03-24 12:13:33,667 WARN o.a.j.p.h.p.Proxy: [59935]  Problem with SSL certificate for url  for 'static.wixstatic.com'? Ensure browser is set to accept the JMeter proxy cert: An established connection was aborted by the software in your host machine
2025-03-24 12:13:33,708 WARN o.a.j.p.h.p.Proxy: [59941]  Problem with SSL certificate for url  for 'static.wixstatic.com'? Ensure browser is set to accept the JMeter proxy cert: An established connection was aborted by the software in your host machine
2025-03-24 12:13:33,712 WARN o.a.j.p.h.p.Proxy: [59942]  Problem with SSL certificate for url  for 'static.wixstatic.com'? Ensure browser is set to accept the JMeter proxy cert: (unknown_ca) Received fatal alert: unknown_ca
2025-03-24 12:13:33,716 WARN o.a.j.p.h.p.Proxy: [59939]  Problem with SSL certificate for url  for 'static.wixstatic.com'? Ensure browser is set to accept the JMeter proxy cert: An established connection was aborted by the software in your host machine
2025-03-24 12:13:33,829 WARN o.a.j.p.h.p.Proxy: [59955]  Problem with SSL certificate for url  for 'static.wixstatic.com'? Ensure browser is set to accept the JMeter proxy cert: An established connection was aborted by the software in your host machine
2025-03-24 12:13:33,854 WARN o.a.j.p.h.p.Proxy: [59959]  Problem with SSL certificate for url  for 'static.wixstatic.com'? Ensure browser is set to accept the JMeter proxy cert: An established connection was aborted by the software in your host machine
2025-03-24 12:13:33,858 WARN o.a.j.p.h.p.Proxy: [59956]  Problem with SSL certificate for url  for 'static.wixstatic.com'? Ensure browser is set to accept the JMeter proxy cert: An established connection was aborted by the software in your host machine
2025-03-24 12:13:33,894 WARN o.a.j.p.h.p.Proxy: [59957]  Problem with SSL certificate for url  for 'static.wixstatic.com'? Ensure browser is set to accept the JMeter proxy cert: An established connection was aborted by the software in your host machine
2025-03-24 12:13:33,960 WARN o.a.j.p.h.p.Proxy: [59965]  Problem with SSL certificate for url  for 'static.wixstatic.com'? Ensure browser is set to accept the JMeter proxy cert: An established connection was aborted by the software in your host machine
2025-03-24 12:13:33,970 WARN o.a.j.p.h.p.Proxy: [59967]  Problem with SSL certificate for url  for 'static.wixstatic.com'? Ensure browser is set to accept the JMeter proxy cert: An established connection was aborted by the software in your host machine
2025-03-24 12:13:33,971 WARN o.a.j.p.h.p.Proxy: [59966]  Problem with SSL certificate for url  for 'static.wixstatic.com'? Ensure browser is set to accept the JMeter proxy cert: An established connection was aborted by the software in your host machine
2025-03-24 12:13:33,990 WARN o.a.j.p.h.p.Proxy: [59968]  Problem with SSL certificate for url  for 'static.wixstatic.com'? Ensure browser is set to accept the JMeter proxy cert: An established connection was aborted by the software in your host machine
2025-03-24 12:13:33,998 WARN o.a.j.p.h.p.Proxy: [59970]  Problem with SSL certificate for url  for 'static.wixstatic.com'? Ensure browser is set to accept the JMeter proxy cert: An established connection was aborted by the software in your host machine
2025-03-24 12:13:34,002 WARN o.a.j.p.h.p.Proxy: [59971]  Problem with SSL certificate for url  for 'static.wixstatic.com'? Ensure browser is set to accept the JMeter proxy cert: An established connection was aborted by the software in your host machine
2025-03-24 12:13:34,014 WARN o.a.j.p.h.p.Proxy: [59973]  Problem with SSL certificate for url  for 'static.wixstatic.com'? Ensure browser is set to accept the JMeter proxy cert: An established connection was aborted by the software in your host machine
2025-03-24 12:13:34,075 WARN o.a.j.p.h.p.Proxy: [59985]  Problem with SSL certificate for url  for 'static.wixstatic.com'? Ensure browser is set to accept the JMeter proxy cert: An established connection was aborted by the software in your host machine
2025-03-24 12:13:34,077 WARN o.a.j.p.h.p.Proxy: [59984]  Problem with SSL certificate for url  for 'static.wixstatic.com'? Ensure browser is set to accept the JMeter proxy cert: An established connection was aborted by the software in your host machine
2025-03-24 12:13:34,093 WARN o.a.j.p.h.p.Proxy: [59986]  Problem with SSL certificate for url  for 'static.wixstatic.com'? Ensure browser is set to accept the JMeter proxy cert: (unknown_ca) Received fatal alert: unknown_ca
2025-03-24 12:13:34,104 WARN o.a.j.p.h.p.Proxy: [59988]  Problem with SSL certificate for url  for 'static.wixstatic.com'? Ensure browser is set to accept the JMeter proxy cert: An established connection was aborted by the software in your host machine
2025-03-24 12:13:34,108 WARN o.a.j.p.h.p.Proxy: [59987]  Problem with SSL certificate for url  for 'static.wixstatic.com'? Ensure browser is set to accept the JMeter proxy cert: An established connection was aborted by the software in your host machine
2025-03-24 12:13:35,791 INFO o.a.j.p.h.p.ProxyControl: [59862]  Creating entry panorama.wixapps.net in D:\Jmeter\apache-jmeter-5.6.3\apache-jmeter-5.6.3\bin\proxyserver.jks
2025-03-24 12:13:35,896 INFO o.a.j.p.h.p.Proxy: [59864]  KeyStore for SSL loaded OK and put host 'static.parastorage.com' in map with key (static.parastorage.com)
2025-03-24 12:13:35,899 WARN o.a.j.p.h.p.Proxy: [59863]  Problem with SSL certificate for url  for 'static.parastorage.com'? Ensure browser is set to accept the JMeter proxy cert: An established connection was aborted by the software in your host machine
2025-03-24 12:13:35,901 WARN o.a.j.p.h.p.Proxy: [59864]  Problem with SSL certificate for url  for 'static.parastorage.com'? Ensure browser is set to accept the JMeter proxy cert: An established connection was aborted by the software in your host machine
2025-03-24 12:13:39,612 INFO o.a.j.p.h.p.ProxyControl: [59861]  Creating entry frog.wix.com in D:\Jmeter\apache-jmeter-5.6.3\apache-jmeter-5.6.3\bin\proxyserver.jks
2025-03-24 12:13:39,752 INFO o.a.j.p.h.p.Proxy: [59862]  KeyStore for SSL loaded OK and put host 'panorama.wixapps.net' in map with key (panorama.wixapps.net)
2025-03-24 12:13:39,774 WARN o.a.j.p.h.p.Proxy: [59862]  Problem with SSL certificate for url  for 'panorama.wixapps.net'? Ensure browser is set to accept the JMeter proxy cert: An established connection was aborted by the software in your host machine
2025-03-24 12:13:40,050 WARN o.a.j.p.h.p.Proxy: [60001]  Problem with SSL certificate for url  for 'static.wixstatic.com'? Ensure browser is set to accept the JMeter proxy cert: An established connection was aborted by the software in your host machine
2025-03-24 12:13:40,064 WARN o.a.j.p.h.p.Proxy: [60002]  Problem with SSL certificate for url  for 'static.wixstatic.com'? Ensure browser is set to accept the JMeter proxy cert: An established connection was aborted by the software in your host machine
2025-03-24 12:13:43,962 INFO o.a.j.p.h.p.Proxy: [59861]  KeyStore for SSL loaded OK and put host 'frog.wix.com' in map with key (frog.wix.com)
2025-03-24 12:13:43,967 WARN o.a.j.p.h.p.Proxy: [59853]  Problem with SSL certificate for url  for 'static.parastorage.com'? Ensure browser is set to accept the JMeter proxy cert: An established connection was aborted by the software in your host machine
2025-03-24 12:13:43,967 WARN o.a.j.p.h.p.Proxy: [59854]  Problem with SSL certificate for url  for 'static.wixstatic.com'? Ensure browser is set to accept the JMeter proxy cert: An established connection was aborted by the software in your host machine
2025-03-24 12:13:43,969 WARN o.a.j.p.h.p.Proxy: [59856]  Problem with SSL certificate for url  for 'static.wixstatic.com'? Ensure browser is set to accept the JMeter proxy cert: An established connection was aborted by the software in your host machine
2025-03-24 12:13:43,970 WARN o.a.j.p.h.p.Proxy: [59857]  Problem with SSL certificate for url  for 'static.parastorage.com'? Ensure browser is set to accept the JMeter proxy cert: An established connection was aborted by the software in your host machine
2025-03-24 12:13:43,970 WARN o.a.j.p.h.p.Proxy: [59858]  Problem with SSL certificate for url  for 'static.wixstatic.com'? Ensure browser is set to accept the JMeter proxy cert: An established connection was aborted by the software in your host machine
2025-03-24 12:13:43,970 WARN o.a.j.p.h.p.Proxy: [59859]  Problem with SSL certificate for url  for 'static.wixstatic.com'? Ensure browser is set to accept the JMeter proxy cert: An established connection was aborted by the software in your host machine
2025-03-24 12:13:43,972 WARN o.a.j.p.h.p.Proxy: [59860]  Problem with SSL certificate for url  for 'static.wixstatic.com'? Ensure browser is set to accept the JMeter proxy cert: An established connection was aborted by the software in your host machine
2025-03-24 12:13:43,974 WARN o.a.j.p.h.p.Proxy: [59855]  Problem with SSL certificate for url  for 'static.wixstatic.com'? Ensure browser is set to accept the JMeter proxy cert: An established connection was aborted by the software in your host machine
2025-03-24 12:13:43,985 WARN o.a.j.p.h.p.Proxy: [59852]  Problem with SSL certificate for url  for 'static.parastorage.com'? Ensure browser is set to accept the JMeter proxy cert: An established connection was aborted by the software in your host machine
2025-03-24 12:13:43,991 WARN o.a.j.p.h.p.Proxy: [59861]  Problem with SSL certificate for url  for 'frog.wix.com'? Ensure browser is set to accept the JMeter proxy cert: An established connection was aborted by the software in your host machine
2025-03-24 12:13:44,001 WARN o.a.j.p.h.p.Proxy: [59851]  Problem with SSL certificate for url  for 'static.parastorage.com'? Ensure browser is set to accept the JMeter proxy cert: An established connection was aborted by the software in your host machine
2025-03-24 12:13:44,020 WARN o.a.j.p.h.p.Proxy: [59850]  Problem with SSL certificate for url  for 'static.parastorage.com'? Ensure browser is set to accept the JMeter proxy cert: An established connection was aborted by the software in your host machine
2025-03-24 12:13:44,042 WARN o.a.j.p.h.p.Proxy: [59849]  Problem with SSL certificate for url  for 'static.parastorage.com'? Ensure browser is set to accept the JMeter proxy cert: An established connection was aborted by the software in your host machine
2025-03-24 12:13:44,058 WARN o.a.j.p.h.p.Proxy: [59848]  Problem with SSL certificate for url  for 'static.parastorage.com'? Ensure browser is set to accept the JMeter proxy cert: An established connection was aborted by the software in your host machine
2025-03-24 12:13:44,075 WARN o.a.j.p.h.p.Proxy: [59847]  Problem with SSL certificate for url  for 'static.parastorage.com'? Ensure browser is set to accept the JMeter proxy cert: An established connection was aborted by the software in your host machine
2025-03-24 12:13:44,089 INFO o.a.j.p.h.p.ProxyControl: [59845]  Creating entry browser.sentry-cdn.com in D:\Jmeter\apache-jmeter-5.6.3\apache-jmeter-5.6.3\bin\proxyserver.jks
2025-03-24 12:13:44,093 WARN o.a.j.p.h.p.Proxy: [59846]  Problem with SSL certificate for url  for 'static.parastorage.com'? Ensure browser is set to accept the JMeter proxy cert: An established connection was aborted by the software in your host machine
2025-03-24 12:13:48,057 INFO o.a.j.p.h.p.ProxyControl: [59843]  Creating entry siteassets.parastorage.com in D:\Jmeter\apache-jmeter-5.6.3\apache-jmeter-5.6.3\bin\proxyserver.jks
2025-03-24 12:13:48,229 INFO o.a.j.p.h.p.Proxy: [59845]  KeyStore for SSL loaded OK and put host 'browser.sentry-cdn.com' in map with key (browser.sentry-cdn.com)
2025-03-24 12:13:48,235 WARN o.a.j.p.h.p.Proxy: [59845]  Problem with SSL certificate for url  for 'browser.sentry-cdn.com'? Ensure browser is set to accept the JMeter proxy cert: An established connection was aborted by the software in your host machine
2025-03-24 12:13:51,554 INFO o.a.j.p.h.p.ProxyControl: [60019]  Creating entry pagead2.googlesyndication.com in D:\Jmeter\apache-jmeter-5.6.3\apache-jmeter-5.6.3\bin\proxyserver.jks
2025-03-24 12:13:51,633 INFO o.a.j.p.h.p.Proxy: [59843]  KeyStore for SSL loaded OK and put host 'siteassets.parastorage.com' in map with key (siteassets.parastorage.com)
2025-03-24 12:13:51,641 WARN o.a.j.p.h.p.Proxy: [59840]  Problem with SSL certificate for url  for 'static.wixstatic.com'? Ensure browser is set to accept the JMeter proxy cert: An established connection was aborted by the software in your host machine
2025-03-24 12:13:51,643 WARN o.a.j.p.h.p.Proxy: [59839]  Problem with SSL certificate for url  for 'static.wixstatic.com'? Ensure browser is set to accept the JMeter proxy cert: An established connection was aborted by the software in your host machine
2025-03-24 12:13:51,643 WARN o.a.j.p.h.p.Proxy: [59842]  Problem with SSL certificate for url  for 'siteassets.parastorage.com'? Ensure browser is set to accept the JMeter proxy cert: An established connection was aborted by the software in your host machine
2025-03-24 12:13:51,644 WARN o.a.j.p.h.p.Proxy: [59841]  Problem with SSL certificate for url  for 'static.wixstatic.com'? Ensure browser is set to accept the JMeter proxy cert: An established connection was aborted by the software in your host machine
2025-03-24 12:13:51,644 WARN o.a.j.p.h.p.Proxy: [59844]  Problem with SSL certificate for url  for 'siteassets.parastorage.com'? Ensure browser is set to accept the JMeter proxy cert: An established connection was aborted by the software in your host machine
2025-03-24 12:13:51,649 WARN o.a.j.p.h.p.Proxy: [59843]  Problem with SSL certificate for url  for 'siteassets.parastorage.com'? Ensure browser is set to accept the JMeter proxy cert: An established connection was aborted by the software in your host machine
2025-03-24 12:13:55,179 INFO o.a.j.p.h.p.Proxy: [60019]  KeyStore for SSL loaded OK and put host 'pagead2.googlesyndication.com' in map with key (pagead2.googlesyndication.com)
2025-03-24 12:13:55,195 WARN o.a.j.p.h.p.Proxy: [59923]  Problem with SSL certificate for url  for 'static.parastorage.com'? Ensure browser is set to accept the JMeter proxy cert: An established connection was aborted by the software in your host machine
2025-03-24 12:13:55,200 WARN o.a.j.p.h.p.Proxy: [59928]  Problem with SSL certificate for url  for 'static.parastorage.com'? Ensure browser is set to accept the JMeter proxy cert: An established connection was aborted by the software in your host machine
2025-03-24 12:13:55,204 WARN o.a.j.p.h.p.Proxy: [59926]  Problem with SSL certificate for url  for 'static.parastorage.com'? Ensure browser is set to accept the JMeter proxy cert: An established connection was aborted by the software in your host machine
2025-03-24 12:13:55,210 WARN o.a.j.p.h.p.Proxy: [59925]  Problem with SSL certificate for url  for 'static.parastorage.com'? Ensure browser is set to accept the JMeter proxy cert: (unknown_ca) Received fatal alert: unknown_ca
2025-03-24 12:13:55,212 WARN o.a.j.p.h.p.Proxy: [59927]  Problem with SSL certificate for url  for 'static.parastorage.com'? Ensure browser is set to accept the JMeter proxy cert: (unknown_ca) Received fatal alert: unknown_ca
2025-03-24 12:13:55,227 WARN o.a.j.p.h.p.Proxy: [59936]  Problem with SSL certificate for url  for 'static.parastorage.com'? Ensure browser is set to accept the JMeter proxy cert: An established connection was aborted by the software in your host machine
2025-03-24 12:13:55,234 WARN o.a.j.p.h.p.Proxy: [59950]  Problem with SSL certificate for url  for 'panorama.wixapps.net'? Ensure browser is set to accept the JMeter proxy cert: An established connection was aborted by the software in your host machine
2025-03-24 12:13:55,250 WARN o.a.j.p.h.p.Proxy: [59949]  Problem with SSL certificate for url  for 'frog.wix.com'? Ensure browser is set to accept the JMeter proxy cert: (unknown_ca) Received fatal alert: unknown_ca
2025-03-24 12:13:55,257 WARN o.a.j.p.h.p.Proxy: [60017]  Problem with SSL certificate for url  for 'pagead2.googlesyndication.com'? Ensure browser is set to accept the JMeter proxy cert: An established connection was aborted by the software in your host machine
2025-03-24 12:13:55,267 WARN o.a.j.p.h.p.Proxy: [60018]  Problem with SSL certificate for url  for 'pagead2.googlesyndication.com'? Ensure browser is set to accept the JMeter proxy cert: An established connection was aborted by the software in your host machine
2025-03-24 12:13:55,273 WARN o.a.j.p.h.p.Proxy: [59921]  Problem with SSL certificate for url  for 'static.parastorage.com'? Ensure browser is set to accept the JMeter proxy cert: An established connection was aborted by the software in your host machine
2025-03-24 12:13:55,283 WARN o.a.j.p.h.p.Proxy: [59922]  Problem with SSL certificate for url  for 'static.parastorage.com'? Ensure browser is set to accept the JMeter proxy cert: An established connection was aborted by the software in your host machine
2025-03-24 12:13:55,294 WARN o.a.j.p.h.p.Proxy: [60019]  Problem with SSL certificate for url  for 'pagead2.googlesyndication.com'? Ensure browser is set to accept the JMeter proxy cert: An established connection was aborted by the software in your host machine
2025-03-24 12:13:55,309 WARN o.a.j.p.h.p.Proxy: [59920]  Problem with SSL certificate for url  for 'static.parastorage.com'? Ensure browser is set to accept the JMeter proxy cert: An established connection was aborted by the software in your host machine
2025-03-24 12:13:55,318 WARN o.a.j.p.h.p.Proxy: [60021]  Problem with SSL certificate for url  for 'static.parastorage.com'? Ensure browser is set to accept the JMeter proxy cert: An established connection was aborted by the software in your host machine
2025-03-24 12:13:55,335 WARN o.a.j.p.h.p.Proxy: [60022]  Problem with SSL certificate for url  for 'static.parastorage.com'? Ensure browser is set to accept the JMeter proxy cert: (unknown_ca) Received fatal alert: unknown_ca
2025-03-24 12:13:55,339 WARN o.a.j.p.h.p.Proxy: [60023]  Problem with SSL certificate for url  for 'static.parastorage.com'? Ensure browser is set to accept the JMeter proxy cert: (unknown_ca) Received fatal alert: unknown_ca
2025-03-24 12:13:55,353 WARN o.a.j.p.h.p.Proxy: [59918]  Problem with SSL certificate for url  for 'browser.sentry-cdn.com'? Ensure browser is set to accept the JMeter proxy cert: An established connection was aborted by the software in your host machine
2025-03-24 12:13:55,393 WARN o.a.j.p.h.p.Proxy: [60027]  Problem with SSL certificate for url  for 'static.parastorage.com'? Ensure browser is set to accept the JMeter proxy cert: An established connection was aborted by the software in your host machine
2025-03-24 12:13:55,397 WARN o.a.j.p.h.p.Proxy: [59917]  Problem with SSL certificate for url  for 'siteassets.parastorage.com'? Ensure browser is set to accept the JMeter proxy cert: An established connection was aborted by the software in your host machine
2025-03-24 12:13:55,404 WARN o.a.j.p.h.p.Proxy: [59916]  Problem with SSL certificate for url  for 'siteassets.parastorage.com'? Ensure browser is set to accept the JMeter proxy cert: An established connection was aborted by the software in your host machine
2025-03-24 12:13:55,456 WARN o.a.j.p.h.p.Proxy: [59915]  Problem with SSL certificate for url  for 'siteassets.parastorage.com'? Ensure browser is set to accept the JMeter proxy cert: An established connection was aborted by the software in your host machine
2025-03-24 12:13:55,458 WARN o.a.j.p.h.p.Proxy: [60034]  Problem with SSL certificate for url  for 'static.parastorage.com'? Ensure browser is set to accept the JMeter proxy cert: An established connection was aborted by the software in your host machine
2025-03-24 12:13:55,467 WARN o.a.j.p.h.p.Proxy: [60035]  Problem with SSL certificate for url  for 'static.parastorage.com'? Ensure browser is set to accept the JMeter proxy cert: An established connection was aborted by the software in your host machine
2025-03-24 12:13:55,469 WARN o.a.j.p.h.p.Proxy: [60032]  Problem with SSL certificate for url  for 'static.parastorage.com'? Ensure browser is set to accept the JMeter proxy cert: An established connection was aborted by the software in your host machine
2025-03-24 12:13:55,483 WARN o.a.j.p.h.p.Proxy: [59904]  Problem with SSL certificate for url  for 'static.parastorage.com'? Ensure browser is set to accept the JMeter proxy cert: An established connection was aborted by the software in your host machine
2025-03-24 12:13:55,483 WARN o.a.j.p.h.p.Proxy: [60036]  Problem with SSL certificate for url  for 'static.parastorage.com'? Ensure browser is set to accept the JMeter proxy cert: An established connection was aborted by the software in your host machine
2025-03-24 12:13:55,493 WARN o.a.j.p.h.p.Proxy: [60033]  Problem with SSL certificate for url  for 'static.parastorage.com'? Ensure browser is set to accept the JMeter proxy cert: An established connection was aborted by the software in your host machine
2025-03-24 12:13:55,509 WARN o.a.j.p.h.p.Proxy: [59894]  Problem with SSL certificate for url  for 'static.parastorage.com'? Ensure browser is set to accept the JMeter proxy cert: An established connection was aborted by the software in your host machine
2025-03-24 12:13:55,513 WARN o.a.j.p.h.p.Proxy: [60037]  Problem with SSL certificate for url  for 'static.parastorage.com'? Ensure browser is set to accept the JMeter proxy cert: An established connection was aborted by the software in your host machine
2025-03-24 12:13:55,526 INFO o.a.j.p.h.p.ProxyControl: [59892]  Creating entry www.google.com in D:\Jmeter\apache-jmeter-5.6.3\apache-jmeter-5.6.3\bin\proxyserver.jks
2025-03-24 12:13:55,540 WARN o.a.j.p.h.p.Proxy: [59895]  Problem with SSL certificate for url  for 'static.parastorage.com'? Ensure browser is set to accept the JMeter proxy cert: An established connection was aborted by the software in your host machine
2025-03-24 12:13:55,611 WARN o.a.j.p.h.p.Proxy: [60054]  Problem with SSL certificate for url  for 'static.parastorage.com'? Ensure browser is set to accept the JMeter proxy cert: An established connection was aborted by the software in your host machine
2025-03-24 12:13:55,618 WARN o.a.j.p.h.p.Proxy: [60055]  Problem with SSL certificate for url  for 'static.parastorage.com'? Ensure browser is set to accept the JMeter proxy cert: An established connection was aborted by the software in your host machine
2025-03-24 12:13:55,624 WARN o.a.j.p.h.p.Proxy: [60056]  Problem with SSL certificate for url  for 'frog.wix.com'? Ensure browser is set to accept the JMeter proxy cert: An established connection was aborted by the software in your host machine
2025-03-24 12:13:55,633 WARN o.a.j.p.h.p.Proxy: [60057]  Problem with SSL certificate for url  for 'static.parastorage.com'? Ensure browser is set to accept the JMeter proxy cert: An established connection was aborted by the software in your host machine
2025-03-24 12:13:55,882 WARN o.a.j.p.h.p.Proxy: [60067]  Problem with SSL certificate for url  for 'static.parastorage.com'? Ensure browser is set to accept the JMeter proxy cert: An established connection was aborted by the software in your host machine
2025-03-24 12:13:55,911 WARN o.a.j.p.h.p.Proxy: [60069]  Problem with SSL certificate for url  for 'frog.wix.com'? Ensure browser is set to accept the JMeter proxy cert: (unknown_ca) Received fatal alert: unknown_ca
2025-03-24 12:13:55,913 WARN o.a.j.p.h.p.Proxy: [60070]  Problem with SSL certificate for url  for 'panorama.wixapps.net'? Ensure browser is set to accept the JMeter proxy cert: (unknown_ca) Received fatal alert: unknown_ca
2025-03-24 12:13:55,992 WARN o.a.j.p.h.p.Proxy: [60082]  Problem with SSL certificate for url  for 'browser.sentry-cdn.com'? Ensure browser is set to accept the JMeter proxy cert: An established connection was aborted by the software in your host machine
2025-03-24 12:13:59,265 INFO o.a.j.p.h.p.ProxyControl: [60058]  Creating entry video.wixstatic.com in D:\Jmeter\apache-jmeter-5.6.3\apache-jmeter-5.6.3\bin\proxyserver.jks
2025-03-24 12:13:59,467 INFO o.a.j.p.h.p.Proxy: [59892]  KeyStore for SSL loaded OK and put host 'www.google.com' in map with key (www.google.com)
2025-03-24 12:13:59,472 WARN o.a.j.p.h.p.Proxy: [59892]  Problem with SSL certificate for url  for 'www.google.com'? Ensure browser is set to accept the JMeter proxy cert: An established connection was aborted by the software in your host machine
2025-03-24 12:14:02,776 INFO o.a.j.p.h.p.ProxyControl: [60091]  Creating entry accounts.youtube.com in D:\Jmeter\apache-jmeter-5.6.3\apache-jmeter-5.6.3\bin\proxyserver.jks
2025-03-24 12:14:03,014 INFO o.a.j.p.h.p.Proxy: [60058]  KeyStore for SSL loaded OK and put host 'video.wixstatic.com' in map with key (video.wixstatic.com)
2025-03-24 12:14:03,032 WARN o.a.j.p.h.p.Proxy: [60058]  Problem with SSL certificate for url  for 'video.wixstatic.com'? Ensure browser is set to accept the JMeter proxy cert: An established connection was aborted by the software in your host machine
2025-03-24 12:14:07,771 INFO o.a.j.p.h.p.Proxy: [60091]  KeyStore for SSL loaded OK and put host 'accounts.youtube.com' in map with key (accounts.youtube.com)
2025-03-24 12:14:07,786 WARN o.a.j.p.h.p.Proxy: [60091]  Problem with SSL certificate for url  for 'accounts.youtube.com'? Ensure browser is set to accept the JMeter proxy cert: An established connection was aborted by the software in your host machine
2025-03-24 12:14:22,768 WARN o.a.j.p.h.p.Proxy: [60106]  Problem with SSL certificate for url  for 'static.wixstatic.com'? Ensure browser is set to accept the JMeter proxy cert: An established connection was aborted by the software in your host machine
2025-03-24 12:14:26,857 WARN o.a.j.p.h.p.Proxy: [60115]  Problem with SSL certificate for url  for 'www.google.com'? Ensure browser is set to accept the JMeter proxy cert: An established connection was aborted by the software in your host machine
2025-03-24 12:14:27,903 INFO o.a.j.p.h.p.ProxyControl: Add sample -103 into controller 
2025-03-24 12:14:27,926 WARN o.a.j.p.h.p.Proxy: [60124]  Problem with SSL certificate for url  for 'code.jquery.com'? Ensure browser is set to accept the JMeter proxy cert: An established connection was aborted by the software in your host machine
2025-03-24 12:14:27,958 WARN o.a.j.p.h.p.Proxy: [60129]  Problem with SSL certificate for url  for 'siteassets.parastorage.com'? Ensure browser is set to accept the JMeter proxy cert: (unknown_ca) Received fatal alert: unknown_ca
2025-03-24 12:14:27,958 WARN o.a.j.p.h.p.Proxy: [60128]  Problem with SSL certificate for url  for 'siteassets.parastorage.com'? Ensure browser is set to accept the JMeter proxy cert: (unknown_ca) Received fatal alert: unknown_ca
2025-03-24 12:14:27,973 WARN o.a.j.p.h.p.Proxy: [60126]  Problem with SSL certificate for url  for 'static.wixstatic.com'? Ensure browser is set to accept the JMeter proxy cert: (unknown_ca) Received fatal alert: unknown_ca
2025-03-24 12:14:27,976 WARN o.a.j.p.h.p.Proxy: [60130]  Problem with SSL certificate for url  for 'siteassets.parastorage.com'? Ensure browser is set to accept the JMeter proxy cert: (unknown_ca) Received fatal alert: unknown_ca
2025-03-24 12:14:27,977 WARN o.a.j.p.h.p.Proxy: [60127]  Problem with SSL certificate for url  for 'static.wixstatic.com'? Ensure browser is set to accept the JMeter proxy cert: An established connection was aborted by the software in your host machine
2025-03-24 12:14:27,989 WARN o.a.j.p.h.p.Proxy: [60131]  Problem with SSL certificate for url  for 'browser.sentry-cdn.com'? Ensure browser is set to accept the JMeter proxy cert: (unknown_ca) Received fatal alert: unknown_ca
2025-03-24 12:14:28,002 WARN o.a.j.p.h.p.Proxy: [60132]  Problem with SSL certificate for url  for 'static.parastorage.com'? Ensure browser is set to accept the JMeter proxy cert: (unknown_ca) Received fatal alert: unknown_ca
2025-03-24 12:14:28,003 WARN o.a.j.p.h.p.Proxy: [60125]  Problem with SSL certificate for url  for 'static.wixstatic.com'? Ensure browser is set to accept the JMeter proxy cert: An established connection was aborted by the software in your host machine
2025-03-24 12:14:28,020 WARN o.a.j.p.h.p.Proxy: [60134]  Problem with SSL certificate for url  for 'static.parastorage.com'? Ensure browser is set to accept the JMeter proxy cert: An established connection was aborted by the software in your host machine
2025-03-24 12:14:28,034 WARN o.a.j.p.h.p.Proxy: [60135]  Problem with SSL certificate for url  for 'static.parastorage.com'? Ensure browser is set to accept the JMeter proxy cert: (unknown_ca) Received fatal alert: unknown_ca
2025-03-24 12:14:28,038 WARN o.a.j.p.h.p.Proxy: [60136]  Problem with SSL certificate for url  for 'static.parastorage.com'? Ensure browser is set to accept the JMeter proxy cert: (unknown_ca) Received fatal alert: unknown_ca
2025-03-24 12:14:28,039 WARN o.a.j.p.h.p.Proxy: [60133]  Problem with SSL certificate for url  for 'static.parastorage.com'? Ensure browser is set to accept the JMeter proxy cert: (unknown_ca) Received fatal alert: unknown_ca
2025-03-24 12:14:28,044 WARN o.a.j.p.h.p.Proxy: [60137]  Problem with SSL certificate for url  for 'static.parastorage.com'? Ensure browser is set to accept the JMeter proxy cert: (unknown_ca) Received fatal alert: unknown_ca
2025-03-24 12:14:28,053 WARN o.a.j.p.h.p.Proxy: [60139]  Problem with SSL certificate for url  for 'static.parastorage.com'? Ensure browser is set to accept the JMeter proxy cert: (unknown_ca) Received fatal alert: unknown_ca
2025-03-24 12:14:28,053 WARN o.a.j.p.h.p.Proxy: [60138]  Problem with SSL certificate for url  for 'static.parastorage.com'? Ensure browser is set to accept the JMeter proxy cert: (unknown_ca) Received fatal alert: unknown_ca
2025-03-24 12:14:28,132 WARN o.a.j.p.h.p.Proxy: [60147]  Problem with SSL certificate for url  for 'static.wixstatic.com'? Ensure browser is set to accept the JMeter proxy cert: (unknown_ca) Received fatal alert: unknown_ca
2025-03-24 12:14:28,137 WARN o.a.j.p.h.p.Proxy: [60148]  Problem with SSL certificate for url  for 'static.wixstatic.com'? Ensure browser is set to accept the JMeter proxy cert: An established connection was aborted by the software in your host machine
2025-03-24 12:14:28,143 WARN o.a.j.p.h.p.Proxy: [60149]  Problem with SSL certificate for url  for 'static.parastorage.com'? Ensure browser is set to accept the JMeter proxy cert: An established connection was aborted by the software in your host machine
2025-03-24 12:14:28,152 WARN o.a.j.p.h.p.Proxy: [60146]  Problem with SSL certificate for url  for 'static.wixstatic.com'? Ensure browser is set to accept the JMeter proxy cert: An established connection was aborted by the software in your host machine
2025-03-24 12:14:28,167 WARN o.a.j.p.h.p.Proxy: [60151]  Problem with SSL certificate for url  for 'static.wixstatic.com'? Ensure browser is set to accept the JMeter proxy cert: (unknown_ca) Received fatal alert: unknown_ca
2025-03-24 12:14:28,175 WARN o.a.j.p.h.p.Proxy: [60152]  Problem with SSL certificate for url  for 'static.wixstatic.com'? Ensure browser is set to accept the JMeter proxy cert: An established connection was aborted by the software in your host machine
2025-03-24 12:14:28,175 WARN o.a.j.p.h.p.Proxy: [60150]  Problem with SSL certificate for url  for 'static.wixstatic.com'? Ensure browser is set to accept the JMeter proxy cert: An established connection was aborted by the software in your host machine
2025-03-24 12:14:28,210 WARN o.a.j.p.h.p.Proxy: [60156]  Problem with SSL certificate for url  for 'panorama.wixapps.net'? Ensure browser is set to accept the JMeter proxy cert: An established connection was aborted by the software in your host machine
2025-03-24 12:14:28,217 WARN o.a.j.p.h.p.Proxy: [60155]  Problem with SSL certificate for url  for 'frog.wix.com'? Ensure browser is set to accept the JMeter proxy cert: An established connection was aborted by the software in your host machine
2025-03-24 12:14:28,247 WARN o.a.j.p.h.p.Proxy: [60164]  Problem with SSL certificate for url  for 'static.parastorage.com'? Ensure browser is set to accept the JMeter proxy cert: (unknown_ca) Received fatal alert: unknown_ca
2025-03-24 12:14:28,248 WARN o.a.j.p.h.p.Proxy: [60163]  Problem with SSL certificate for url  for 'static.wixstatic.com'? Ensure browser is set to accept the JMeter proxy cert: (unknown_ca) Received fatal alert: unknown_ca
2025-03-24 12:14:28,271 WARN o.a.j.p.h.p.Proxy: [60165]  Problem with SSL certificate for url  for 'static.parastorage.com'? Ensure browser is set to accept the JMeter proxy cert: An established connection was aborted by the software in your host machine
2025-03-24 12:14:28,314 WARN o.a.j.p.h.p.Proxy: [60176]  Problem with SSL certificate for url  for 'static.parastorage.com'? Ensure browser is set to accept the JMeter proxy cert: (unknown_ca) Received fatal alert: unknown_ca
2025-03-24 12:14:28,321 WARN o.a.j.p.h.p.Proxy: [60177]  Problem with SSL certificate for url  for 'static.parastorage.com'? Ensure browser is set to accept the JMeter proxy cert: An established connection was aborted by the software in your host machine
2025-03-24 12:14:28,336 WARN o.a.j.p.h.p.Proxy: [60180]  Problem with SSL certificate for url  for 'static.parastorage.com'? Ensure browser is set to accept the JMeter proxy cert: (unknown_ca) Received fatal alert: unknown_ca
2025-03-24 12:14:28,338 WARN o.a.j.p.h.p.Proxy: [60178]  Problem with SSL certificate for url  for 'frog.wix.com'? Ensure browser is set to accept the JMeter proxy cert: An established connection was aborted by the software in your host machine
2025-03-24 12:14:28,365 WARN o.a.j.p.h.p.Proxy: [60183]  Problem with SSL certificate for url  for 'static.wixstatic.com'? Ensure browser is set to accept the JMeter proxy cert: (unknown_ca) Received fatal alert: unknown_ca
2025-03-24 12:14:28,367 WARN o.a.j.p.h.p.Proxy: [60182]  Problem with SSL certificate for url  for 'static.wixstatic.com'? Ensure browser is set to accept the JMeter proxy cert: (unknown_ca) Received fatal alert: unknown_ca
2025-03-24 12:14:28,370 WARN o.a.j.p.h.p.Proxy: [60185]  Problem with SSL certificate for url  for 'static.wixstatic.com'? Ensure browser is set to accept the JMeter proxy cert: An established connection was aborted by the software in your host machine
2025-03-24 12:14:28,377 WARN o.a.j.p.h.p.Proxy: [60184]  Problem with SSL certificate for url  for 'static.wixstatic.com'? Ensure browser is set to accept the JMeter proxy cert: An established connection was aborted by the software in your host machine
2025-03-24 12:14:28,385 WARN o.a.j.p.h.p.Proxy: [60188]  Problem with SSL certificate for url  for 'static.wixstatic.com'? Ensure browser is set to accept the JMeter proxy cert: An established connection was aborted by the software in your host machine
2025-03-24 12:14:28,424 WARN o.a.j.p.h.p.Proxy: [60198]  Problem with SSL certificate for url  for 'static.wixstatic.com'? Ensure browser is set to accept the JMeter proxy cert: (unknown_ca) Received fatal alert: unknown_ca
2025-03-24 12:14:28,425 WARN o.a.j.p.h.p.Proxy: [60199]  Problem with SSL certificate for url  for 'static.wixstatic.com'? Ensure browser is set to accept the JMeter proxy cert: (unknown_ca) Received fatal alert: unknown_ca
2025-03-24 12:14:28,431 WARN o.a.j.p.h.p.Proxy: [60200]  Problem with SSL certificate for url  for 'static.wixstatic.com'? Ensure browser is set to accept the JMeter proxy cert: (unknown_ca) Received fatal alert: unknown_ca
2025-03-24 12:14:28,445 WARN o.a.j.p.h.p.Proxy: [60201]  Problem with SSL certificate for url  for 'static.wixstatic.com'? Ensure browser is set to accept the JMeter proxy cert: An established connection was aborted by the software in your host machine
2025-03-24 12:14:28,451 WARN o.a.j.p.h.p.Proxy: [60202]  Problem with SSL certificate for url  for 'static.wixstatic.com'? Ensure browser is set to accept the JMeter proxy cert: An established connection was aborted by the software in your host machine
2025-03-24 12:14:28,453 WARN o.a.j.p.h.p.Proxy: [60203]  Problem with SSL certificate for url  for 'static.wixstatic.com'? Ensure browser is set to accept the JMeter proxy cert: An established connection was aborted by the software in your host machine
2025-03-24 12:14:28,478 WARN o.a.j.p.h.p.Proxy: [60206]  Problem with SSL certificate for url  for 'static.wixstatic.com'? Ensure browser is set to accept the JMeter proxy cert: An established connection was aborted by the software in your host machine
2025-03-24 12:14:28,497 WARN o.a.j.p.h.p.Proxy: [60207]  Problem with SSL certificate for url  for 'static.wixstatic.com'? Ensure browser is set to accept the JMeter proxy cert: An established connection was aborted by the software in your host machine
2025-03-24 12:14:28,521 WARN o.a.j.p.h.p.Proxy: [60208]  Problem with SSL certificate for url  for 'static.wixstatic.com'? Ensure browser is set to accept the JMeter proxy cert: An established connection was aborted by the software in your host machine
2025-03-24 12:14:28,563 WARN o.a.j.p.h.p.Proxy: [60220]  Problem with SSL certificate for url  for 'static.parastorage.com'? Ensure browser is set to accept the JMeter proxy cert: An established connection was aborted by the software in your host machine
2025-03-24 12:14:28,567 WARN o.a.j.p.h.p.Proxy: [60219]  Problem with SSL certificate for url  for 'static.parastorage.com'? Ensure browser is set to accept the JMeter proxy cert: An established connection was aborted by the software in your host machine
2025-03-24 12:14:28,584 WARN o.a.j.p.h.p.Proxy: [60221]  Problem with SSL certificate for url  for 'static.parastorage.com'? Ensure browser is set to accept the JMeter proxy cert: An established connection was aborted by the software in your host machine
2025-03-24 12:14:28,611 WARN o.a.j.p.h.p.Proxy: [60226]  Problem with SSL certificate for url  for 'static.wixstatic.com'? Ensure browser is set to accept the JMeter proxy cert: An established connection was aborted by the software in your host machine
2025-03-24 12:14:28,611 WARN o.a.j.p.h.p.Proxy: [60224]  Problem with SSL certificate for url  for 'static.wixstatic.com'? Ensure browser is set to accept the JMeter proxy cert: An established connection was aborted by the software in your host machine
2025-03-24 12:14:28,627 WARN o.a.j.p.h.p.Proxy: [60223]  Problem with SSL certificate for url  for 'static.wixstatic.com'? Ensure browser is set to accept the JMeter proxy cert: An established connection was aborted by the software in your host machine
2025-03-24 12:14:28,628 WARN o.a.j.p.h.p.Proxy: [60227]  Problem with SSL certificate for url  for 'static.wixstatic.com'? Ensure browser is set to accept the JMeter proxy cert: An established connection was aborted by the software in your host machine
2025-03-24 12:14:28,640 WARN o.a.j.p.h.p.Proxy: [60225]  Problem with SSL certificate for url  for 'static.wixstatic.com'? Ensure browser is set to accept the JMeter proxy cert: An established connection was aborted by the software in your host machine
2025-03-24 12:14:28,649 WARN o.a.j.p.h.p.Proxy: [60228]  Problem with SSL certificate for url  for 'static.wixstatic.com'? Ensure browser is set to accept the JMeter proxy cert: An established connection was aborted by the software in your host machine
2025-03-24 12:14:28,688 WARN o.a.j.p.h.p.Proxy: [60230]  Problem with SSL certificate for url  for 'static.parastorage.com'? Ensure browser is set to accept the JMeter proxy cert: An established connection was aborted by the software in your host machine
2025-03-24 12:14:28,759 WARN o.a.j.p.h.p.Proxy: [60243]  Problem with SSL certificate for url  for 'browser.sentry-cdn.com'? Ensure browser is set to accept the JMeter proxy cert: (unknown_ca) Received fatal alert: unknown_ca
2025-03-24 12:14:28,759 WARN o.a.j.p.h.p.Proxy: [60244]  Problem with SSL certificate for url  for 'video.wixstatic.com'? Ensure browser is set to accept the JMeter proxy cert: (unknown_ca) Received fatal alert: unknown_ca
2025-03-24 12:14:28,785 WARN o.a.j.p.h.p.Proxy: [60242]  Problem with SSL certificate for url  for 'panorama.wixapps.net'? Ensure browser is set to accept the JMeter proxy cert: An established connection was aborted by the software in your host machine
2025-03-24 12:14:28,786 WARN o.a.j.p.h.p.Proxy: [60241]  Problem with SSL certificate for url  for 'frog.wix.com'? Ensure browser is set to accept the JMeter proxy cert: An established connection was aborted by the software in your host machine
2025-03-24 12:14:33,896 INFO o.a.j.p.h.p.ProxyControl: Add sample -137 into controller 
2025-03-24 12:14:33,974 WARN o.a.j.p.h.p.Proxy: [60257]  Problem with SSL certificate for url  for 'static.wixstatic.com'? Ensure browser is set to accept the JMeter proxy cert: (unknown_ca) Received fatal alert: unknown_ca
2025-03-24 12:14:33,980 WARN o.a.j.p.h.p.Proxy: [60258]  Problem with SSL certificate for url  for 'static.wixstatic.com'? Ensure browser is set to accept the JMeter proxy cert: An established connection was aborted by the software in your host machine
2025-03-24 12:14:33,989 WARN o.a.j.p.h.p.Proxy: [60259]  Problem with SSL certificate for url  for 'static.wixstatic.com'? Ensure browser is set to accept the JMeter proxy cert: An established connection was aborted by the software in your host machine
2025-03-24 12:14:34,003 WARN o.a.j.p.h.p.Proxy: [60260]  Problem with SSL certificate for url  for 'siteassets.parastorage.com'? Ensure browser is set to accept the JMeter proxy cert: An established connection was aborted by the software in your host machine
2025-03-24 12:14:34,006 WARN o.a.j.p.h.p.Proxy: [60261]  Problem with SSL certificate for url  for 'browser.sentry-cdn.com'? Ensure browser is set to accept the JMeter proxy cert: An established connection was aborted by the software in your host machine
2025-03-24 12:14:34,029 WARN o.a.j.p.h.p.Proxy: [60262]  Problem with SSL certificate for url  for 'static.parastorage.com'? Ensure browser is set to accept the JMeter proxy cert: An established connection was aborted by the software in your host machine
2025-03-24 12:14:34,043 WARN o.a.j.p.h.p.Proxy: [60254]  Problem with SSL certificate for url  for 'static.wixstatic.com'? Ensure browser is set to accept the JMeter proxy cert: An established connection was aborted by the software in your host machine
2025-03-24 12:14:34,047 WARN o.a.j.p.h.p.Proxy: [60253]  Problem with SSL certificate for url  for 'code.jquery.com'? Ensure browser is set to accept the JMeter proxy cert: An established connection was aborted by the software in your host machine
2025-03-24 12:14:34,056 WARN o.a.j.p.h.p.Proxy: [60264]  Problem with SSL certificate for url  for 'static.parastorage.com'? Ensure browser is set to accept the JMeter proxy cert: An established connection was aborted by the software in your host machine
2025-03-24 12:14:34,075 WARN o.a.j.p.h.p.Proxy: [60256]  Problem with SSL certificate for url  for 'static.wixstatic.com'? Ensure browser is set to accept the JMeter proxy cert: An established connection was aborted by the software in your host machine
2025-03-24 12:14:34,083 WARN o.a.j.p.h.p.Proxy: [60263]  Problem with SSL certificate for url  for 'static.parastorage.com'? Ensure browser is set to accept the JMeter proxy cert: An established connection was aborted by the software in your host machine
2025-03-24 12:14:34,083 WARN o.a.j.p.h.p.Proxy: [60255]  Problem with SSL certificate for url  for 'static.wixstatic.com'? Ensure browser is set to accept the JMeter proxy cert: An established connection was aborted by the software in your host machine
2025-03-24 12:14:34,096 WARN o.a.j.p.h.p.Proxy: [60265]  Problem with SSL certificate for url  for 'static.parastorage.com'? Ensure browser is set to accept the JMeter proxy cert: (unknown_ca) Received fatal alert: unknown_ca
2025-03-24 12:14:34,098 WARN o.a.j.p.h.p.Proxy: [60266]  Problem with SSL certificate for url  for 'static.parastorage.com'? Ensure browser is set to accept the JMeter proxy cert: (unknown_ca) Received fatal alert: unknown_ca
2025-03-24 12:14:34,121 WARN o.a.j.p.h.p.Proxy: [60267]  Problem with SSL certificate for url  for 'static.parastorage.com'? Ensure browser is set to accept the JMeter proxy cert: (unknown_ca) Received fatal alert: unknown_ca
2025-03-24 12:14:34,125 WARN o.a.j.p.h.p.Proxy: [60269]  Problem with SSL certificate for url  for 'static.parastorage.com'? Ensure browser is set to accept the JMeter proxy cert: (unknown_ca) Received fatal alert: unknown_ca
2025-03-24 12:14:34,125 WARN o.a.j.p.h.p.Proxy: [60268]  Problem with SSL certificate for url  for 'static.parastorage.com'? Ensure browser is set to accept the JMeter proxy cert: (unknown_ca) Received fatal alert: unknown_ca
2025-03-24 12:14:34,156 WARN o.a.j.p.h.p.Proxy: [60273]  Problem with SSL certificate for url  for 'static.wixstatic.com'? Ensure browser is set to accept the JMeter proxy cert: (unknown_ca) Received fatal alert: unknown_ca
2025-03-24 12:14:34,156 WARN o.a.j.p.h.p.Proxy: [60272]  Problem with SSL certificate for url  for 'static.wixstatic.com'? Ensure browser is set to accept the JMeter proxy cert: (unknown_ca) Received fatal alert: unknown_ca
2025-03-24 12:14:34,159 WARN o.a.j.p.h.p.Proxy: [60274]  Problem with SSL certificate for url  for 'static.wixstatic.com'? Ensure browser is set to accept the JMeter proxy cert: (unknown_ca) Received fatal alert: unknown_ca
2025-03-24 12:14:34,163 WARN o.a.j.p.h.p.Proxy: [60270]  Problem with SSL certificate for url  for 'static.wixstatic.com'? Ensure browser is set to accept the JMeter proxy cert: (unknown_ca) Received fatal alert: unknown_ca
2025-03-24 12:14:34,164 WARN o.a.j.p.h.p.Proxy: [60275]  Problem with SSL certificate for url  for 'static.wixstatic.com'? Ensure browser is set to accept the JMeter proxy cert: (unknown_ca) Received fatal alert: unknown_ca
2025-03-24 12:14:34,171 WARN o.a.j.p.h.p.Proxy: [60277]  Problem with SSL certificate for url  for 'panorama.wixapps.net'? Ensure browser is set to accept the JMeter proxy cert: (unknown_ca) Received fatal alert: unknown_ca
2025-03-24 12:14:34,171 WARN o.a.j.p.h.p.Proxy: [60276]  Problem with SSL certificate for url  for 'frog.wix.com'? Ensure browser is set to accept the JMeter proxy cert: (unknown_ca) Received fatal alert: unknown_ca
2025-03-24 12:14:34,172 WARN o.a.j.p.h.p.Proxy: [60278]  Problem with SSL certificate for url  for 'static.wixstatic.com'? Ensure browser is set to accept the JMeter proxy cert: (unknown_ca) Received fatal alert: unknown_ca
2025-03-24 12:14:34,196 WARN o.a.j.p.h.p.Proxy: [60280]  Problem with SSL certificate for url  for 'static.wixstatic.com'? Ensure browser is set to accept the JMeter proxy cert: An established connection was aborted by the software in your host machine
2025-03-24 12:14:34,226 WARN o.a.j.p.h.p.Proxy: [60284]  Problem with SSL certificate for url  for 'static.wixstatic.com'? Ensure browser is set to accept the JMeter proxy cert: (unknown_ca) Received fatal alert: unknown_ca
2025-03-24 12:14:34,232 WARN o.a.j.p.h.p.Proxy: [60287]  Problem with SSL certificate for url  for 'static.wixstatic.com'? Ensure browser is set to accept the JMeter proxy cert: (unknown_ca) Received fatal alert: unknown_ca
2025-03-24 12:14:34,236 WARN o.a.j.p.h.p.Proxy: [60288]  Problem with SSL certificate for url  for 'static.parastorage.com'? Ensure browser is set to accept the JMeter proxy cert: (unknown_ca) Received fatal alert: unknown_ca
2025-03-24 12:14:34,237 WARN o.a.j.p.h.p.Proxy: [60289]  Problem with SSL certificate for url  for 'static.wixstatic.com'? Ensure browser is set to accept the JMeter proxy cert: Connection reset
2025-03-24 12:14:34,243 WARN o.a.j.p.h.p.Proxy: [60281]  Problem with SSL certificate for url  for 'static.wixstatic.com'? Ensure browser is set to accept the JMeter proxy cert: An established connection was aborted by the software in your host machine
2025-03-24 12:14:34,246 WARN o.a.j.p.h.p.Proxy: [60286]  Problem with SSL certificate for url  for 'static.parastorage.com'? Ensure browser is set to accept the JMeter proxy cert: An established connection was aborted by the software in your host machine
2025-03-24 12:14:34,248 WARN o.a.j.p.h.p.Proxy: [60291]  Problem with SSL certificate for url  for 'static.parastorage.com'? Ensure browser is set to accept the JMeter proxy cert: An established connection was aborted by the software in your host machine
2025-03-24 12:14:34,301 WARN o.a.j.p.h.p.Proxy: [60302]  Problem with SSL certificate for url  for 'static.parastorage.com'? Ensure browser is set to accept the JMeter proxy cert: (unknown_ca) Received fatal alert: unknown_ca
2025-03-24 12:14:34,304 WARN o.a.j.p.h.p.Proxy: [60304]  Problem with SSL certificate for url  for 'static.parastorage.com'? Ensure browser is set to accept the JMeter proxy cert: (unknown_ca) Received fatal alert: unknown_ca
2025-03-24 12:14:34,312 WARN o.a.j.p.h.p.Proxy: [60303]  Problem with SSL certificate for url  for 'static.parastorage.com'? Ensure browser is set to accept the JMeter proxy cert: (unknown_ca) Received fatal alert: unknown_ca
2025-03-24 12:14:34,313 WARN o.a.j.p.h.p.Proxy: [60305]  Problem with SSL certificate for url  for 'static.parastorage.com'? Ensure browser is set to accept the JMeter proxy cert: (unknown_ca) Received fatal alert: unknown_ca
2025-03-24 12:14:34,317 WARN o.a.j.p.h.p.Proxy: [60308]  Problem with SSL certificate for url  for 'static.parastorage.com'? Ensure browser is set to accept the JMeter proxy cert: (unknown_ca) Received fatal alert: unknown_ca
2025-03-24 12:14:34,426 WARN o.a.j.p.h.p.Proxy: [60317]  Problem with SSL certificate for url  for 'static.wixstatic.com'? Ensure browser is set to accept the JMeter proxy cert: (unknown_ca) Received fatal alert: unknown_ca
2025-03-24 12:14:34,429 WARN o.a.j.p.h.p.Proxy: [60320]  Problem with SSL certificate for url  for 'static.wixstatic.com'? Ensure browser is set to accept the JMeter proxy cert: (unknown_ca) Received fatal alert: unknown_ca
2025-03-24 12:14:34,432 WARN o.a.j.p.h.p.Proxy: [60324]  Problem with SSL certificate for url  for 'static.parastorage.com'? Ensure browser is set to accept the JMeter proxy cert: (unknown_ca) Received fatal alert: unknown_ca
2025-03-24 12:14:34,436 WARN o.a.j.p.h.p.Proxy: [60318]  Problem with SSL certificate for url  for 'static.wixstatic.com'? Ensure browser is set to accept the JMeter proxy cert: An established connection was aborted by the software in your host machine
2025-03-24 12:14:34,442 WARN o.a.j.p.h.p.Proxy: [60321]  Problem with SSL certificate for url  for 'static.parastorage.com'? Ensure browser is set to accept the JMeter proxy cert: (unknown_ca) Received fatal alert: unknown_ca
2025-03-24 12:14:34,453 WARN o.a.j.p.h.p.Proxy: [60319]  Problem with SSL certificate for url  for 'static.wixstatic.com'? Ensure browser is set to accept the JMeter proxy cert: An established connection was aborted by the software in your host machine
2025-03-24 12:14:34,456 WARN o.a.j.p.h.p.Proxy: [60322]  Problem with SSL certificate for url  for 'static.parastorage.com'? Ensure browser is set to accept the JMeter proxy cert: An established connection was aborted by the software in your host machine
2025-03-24 12:14:34,476 WARN o.a.j.p.h.p.Proxy: [60323]  Problem with SSL certificate for url  for 'frog.wix.com'? Ensure browser is set to accept the JMeter proxy cert: An established connection was aborted by the software in your host machine
2025-03-24 12:14:34,495 WARN o.a.j.p.h.p.Proxy: [60327]  Problem with SSL certificate for url  for 'static.parastorage.com'? Ensure browser is set to accept the JMeter proxy cert: An established connection was aborted by the software in your host machine
2025-03-24 12:14:34,504 WARN o.a.j.p.h.p.Proxy: [60326]  Problem with SSL certificate for url  for 'static.parastorage.com'? Ensure browser is set to accept the JMeter proxy cert: (unknown_ca) Received fatal alert: unknown_ca
2025-03-24 12:14:34,504 WARN o.a.j.p.h.p.Proxy: [60329]  Problem with SSL certificate for url  for 'static.wixstatic.com'? Ensure browser is set to accept the JMeter proxy cert: (unknown_ca) Received fatal alert: unknown_ca
2025-03-24 12:14:34,516 WARN o.a.j.p.h.p.Proxy: [60325]  Problem with SSL certificate for url  for 'static.parastorage.com'? Ensure browser is set to accept the JMeter proxy cert: (unknown_ca) Received fatal alert: unknown_ca
2025-03-24 12:14:34,521 WARN o.a.j.p.h.p.Proxy: [60330]  Problem with SSL certificate for url  for 'static.wixstatic.com'? Ensure browser is set to accept the JMeter proxy cert: An established connection was aborted by the software in your host machine
2025-03-24 12:14:34,524 WARN o.a.j.p.h.p.Proxy: [60335]  Problem with SSL certificate for url  for 'static.wixstatic.com'? Ensure browser is set to accept the JMeter proxy cert: (unknown_ca) Received fatal alert: unknown_ca
2025-03-24 12:14:34,528 WARN o.a.j.p.h.p.Proxy: [60332]  Problem with SSL certificate for url  for 'static.wixstatic.com'? Ensure browser is set to accept the JMeter proxy cert: An established connection was aborted by the software in your host machine
2025-03-24 12:14:34,541 WARN o.a.j.p.h.p.Proxy: [60336]  Problem with SSL certificate for url  for 'static.wixstatic.com'? Ensure browser is set to accept the JMeter proxy cert: An established connection was aborted by the software in your host machine
2025-03-24 12:14:34,557 WARN o.a.j.p.h.p.Proxy: [60337]  Problem with SSL certificate for url  for 'static.wixstatic.com'? Ensure browser is set to accept the JMeter proxy cert: (unknown_ca) Received fatal alert: unknown_ca
2025-03-24 12:14:34,564 WARN o.a.j.p.h.p.Proxy: [60342]  Problem with SSL certificate for url  for 'static.wixstatic.com'? Ensure browser is set to accept the JMeter proxy cert: (unknown_ca) Received fatal alert: unknown_ca
2025-03-24 12:14:34,569 WARN o.a.j.p.h.p.Proxy: [60343]  Problem with SSL certificate for url  for 'static.wixstatic.com'? Ensure browser is set to accept the JMeter proxy cert: (unknown_ca) Received fatal alert: unknown_ca
2025-03-24 12:14:34,585 WARN o.a.j.p.h.p.Proxy: [60344]  Problem with SSL certificate for url  for 'static.wixstatic.com'? Ensure browser is set to accept the JMeter proxy cert: An established connection was aborted by the software in your host machine
2025-03-24 12:14:34,586 WARN o.a.j.p.h.p.Proxy: [60345]  Problem with SSL certificate for url  for 'static.wixstatic.com'? Ensure browser is set to accept the JMeter proxy cert: An established connection was aborted by the software in your host machine
2025-03-24 12:14:34,605 WARN o.a.j.p.h.p.Proxy: [60348]  Problem with SSL certificate for url  for 'static.wixstatic.com'? Ensure browser is set to accept the JMeter proxy cert: An established connection was aborted by the software in your host machine
2025-03-24 12:14:34,625 WARN o.a.j.p.h.p.Proxy: [60350]  Problem with SSL certificate for url  for 'static.wixstatic.com'? Ensure browser is set to accept the JMeter proxy cert: An established connection was aborted by the software in your host machine
2025-03-24 12:14:34,655 WARN o.a.j.p.h.p.Proxy: [60358]  Problem with SSL certificate for url  for 'static.wixstatic.com'? Ensure browser is set to accept the JMeter proxy cert: An established connection was aborted by the software in your host machine
2025-03-24 12:14:34,675 WARN o.a.j.p.h.p.Proxy: [60359]  Problem with SSL certificate for url  for 'static.wixstatic.com'? Ensure browser is set to accept the JMeter proxy cert: An established connection was aborted by the software in your host machine
2025-03-24 12:14:34,730 WARN o.a.j.p.h.p.Proxy: [60366]  Problem with SSL certificate for url  for 'static.parastorage.com'? Ensure browser is set to accept the JMeter proxy cert: An established connection was aborted by the software in your host machine
2025-03-24 12:14:34,746 WARN o.a.j.p.h.p.Proxy: [60370]  Problem with SSL certificate for url  for 'panorama.wixapps.net'? Ensure browser is set to accept the JMeter proxy cert: (unknown_ca) Received fatal alert: unknown_ca
2025-03-24 12:14:34,748 WARN o.a.j.p.h.p.Proxy: [60371]  Problem with SSL certificate for url  for 'browser.sentry-cdn.com'? Ensure browser is set to accept the JMeter proxy cert: An established connection was aborted by the software in your host machine
2025-03-24 12:14:34,765 WARN o.a.j.p.h.p.Proxy: [60369]  Problem with SSL certificate for url  for 'frog.wix.com'? Ensure browser is set to accept the JMeter proxy cert: An established connection was aborted by the software in your host machine
2025-03-24 12:14:36,117 WARN o.a.j.p.h.p.Proxy: [60384]  Problem with SSL certificate for url  for 'pagead2.googlesyndication.com'? Ensure browser is set to accept the JMeter proxy cert: An established connection was aborted by the software in your host machine
2025-03-24 12:14:41,161 INFO o.a.j.p.h.p.ProxyControl: Add sample -172 into controller 
2025-03-24 12:14:41,212 WARN o.a.j.p.h.p.Proxy: [60400]  Problem with SSL certificate for url  for 'siteassets.parastorage.com'? Ensure browser is set to accept the JMeter proxy cert: (unknown_ca) Received fatal alert: unknown_ca
2025-03-24 12:14:41,222 WARN o.a.j.p.h.p.Proxy: [60401]  Problem with SSL certificate for url  for 'browser.sentry-cdn.com'? Ensure browser is set to accept the JMeter proxy cert: An established connection was aborted by the software in your host machine
2025-03-24 12:14:41,224 WARN o.a.j.p.h.p.Proxy: [60402]  Problem with SSL certificate for url  for 'static.parastorage.com'? Ensure browser is set to accept the JMeter proxy cert: An established connection was aborted by the software in your host machine
2025-03-24 12:14:41,227 WARN o.a.j.p.h.p.Proxy: [60397]  Problem with SSL certificate for url  for 'code.jquery.com'? Ensure browser is set to accept the JMeter proxy cert: An established connection was aborted by the software in your host machine
2025-03-24 12:14:41,227 WARN o.a.j.p.h.p.Proxy: [60398]  Problem with SSL certificate for url  for 'siteassets.parastorage.com'? Ensure browser is set to accept the JMeter proxy cert: An established connection was aborted by the software in your host machine
2025-03-24 12:14:41,260 WARN o.a.j.p.h.p.Proxy: [60399]  Problem with SSL certificate for url  for 'siteassets.parastorage.com'? Ensure browser is set to accept the JMeter proxy cert: (unknown_ca) Received fatal alert: unknown_ca
2025-03-24 12:14:41,264 WARN o.a.j.p.h.p.Proxy: [60403]  Problem with SSL certificate for url  for 'static.parastorage.com'? Ensure browser is set to accept the JMeter proxy cert: (unknown_ca) Received fatal alert: unknown_ca
2025-03-24 12:14:41,266 WARN o.a.j.p.h.p.Proxy: [60404]  Problem with SSL certificate for url  for 'static.parastorage.com'? Ensure browser is set to accept the JMeter proxy cert: (unknown_ca) Received fatal alert: unknown_ca
2025-03-24 12:14:41,266 WARN o.a.j.p.h.p.Proxy: [60405]  Problem with SSL certificate for url  for 'static.parastorage.com'? Ensure browser is set to accept the JMeter proxy cert: (unknown_ca) Received fatal alert: unknown_ca
2025-03-24 12:14:41,275 WARN o.a.j.p.h.p.Proxy: [60409]  Problem with SSL certificate for url  for 'static.parastorage.com'? Ensure browser is set to accept the JMeter proxy cert: (unknown_ca) Received fatal alert: unknown_ca
2025-03-24 12:14:41,275 WARN o.a.j.p.h.p.Proxy: [60408]  Problem with SSL certificate for url  for 'static.parastorage.com'? Ensure browser is set to accept the JMeter proxy cert: (unknown_ca) Received fatal alert: unknown_ca
2025-03-24 12:14:41,278 WARN o.a.j.p.h.p.Proxy: [60407]  Problem with SSL certificate for url  for 'static.parastorage.com'? Ensure browser is set to accept the JMeter proxy cert: (unknown_ca) Received fatal alert: unknown_ca
2025-03-24 12:14:41,286 WARN o.a.j.p.h.p.Proxy: [60406]  Problem with SSL certificate for url  for 'static.parastorage.com'? Ensure browser is set to accept the JMeter proxy cert: (unknown_ca) Received fatal alert: unknown_ca
2025-03-24 12:14:41,308 WARN o.a.j.p.h.p.Proxy: [60414]  Problem with SSL certificate for url  for 'frog.wix.com'? Ensure browser is set to accept the JMeter proxy cert: (unknown_ca) Received fatal alert: unknown_ca
2025-03-24 12:14:41,312 WARN o.a.j.p.h.p.Proxy: [60415]  Problem with SSL certificate for url  for 'panorama.wixapps.net'? Ensure browser is set to accept the JMeter proxy cert: An established connection was aborted by the software in your host machine
2025-03-24 12:14:41,601 WARN o.a.j.p.h.p.Proxy: [60427]  Problem with SSL certificate for url  for 'static.wixstatic.com'? Ensure browser is set to accept the JMeter proxy cert: (unknown_ca) Received fatal alert: unknown_ca
2025-03-24 12:14:41,613 WARN o.a.j.p.h.p.Proxy: [60426]  Problem with SSL certificate for url  for 'static.wixstatic.com'? Ensure browser is set to accept the JMeter proxy cert: An established connection was aborted by the software in your host machine
2025-03-24 12:14:41,616 WARN o.a.j.p.h.p.Proxy: [60428]  Problem with SSL certificate for url  for 'static.parastorage.com'? Ensure browser is set to accept the JMeter proxy cert: An established connection was aborted by the software in your host machine
2025-03-24 12:14:41,621 WARN o.a.j.p.h.p.Proxy: [60429]  Problem with SSL certificate for url  for 'static.wixstatic.com'? Ensure browser is set to accept the JMeter proxy cert: (unknown_ca) Received fatal alert: unknown_ca
2025-03-24 12:14:41,621 WARN o.a.j.p.h.p.Proxy: [60430]  Problem with SSL certificate for url  for 'static.parastorage.com'? Ensure browser is set to accept the JMeter proxy cert: (unknown_ca) Received fatal alert: unknown_ca
2025-03-24 12:14:41,630 WARN o.a.j.p.h.p.Proxy: [60431]  Problem with SSL certificate for url  for 'static.wixstatic.com'? Ensure browser is set to accept the JMeter proxy cert: (unknown_ca) Received fatal alert: unknown_ca
2025-03-24 12:14:41,639 WARN o.a.j.p.h.p.Proxy: [60432]  Problem with SSL certificate for url  for 'static.parastorage.com'? Ensure browser is set to accept the JMeter proxy cert: (unknown_ca) Received fatal alert: unknown_ca
2025-03-24 12:14:41,651 WARN o.a.j.p.h.p.Proxy: [60433]  Problem with SSL certificate for url  for 'static.parastorage.com'? Ensure browser is set to accept the JMeter proxy cert: (unknown_ca) Received fatal alert: unknown_ca
2025-03-24 12:14:41,662 WARN o.a.j.p.h.p.Proxy: [60434]  Problem with SSL certificate for url  for 'static.parastorage.com'? Ensure browser is set to accept the JMeter proxy cert: An established connection was aborted by the software in your host machine
2025-03-24 12:14:41,670 WARN o.a.j.p.h.p.Proxy: [60435]  Problem with SSL certificate for url  for 'static.parastorage.com'? Ensure browser is set to accept the JMeter proxy cert: An established connection was aborted by the software in your host machine
2025-03-24 12:14:41,670 WARN o.a.j.p.h.p.Proxy: [60436]  Problem with SSL certificate for url  for 'static.parastorage.com'? Ensure browser is set to accept the JMeter proxy cert: An established connection was aborted by the software in your host machine
2025-03-24 12:14:41,671 WARN o.a.j.p.h.p.Proxy: [60438]  Problem with SSL certificate for url  for 'static.parastorage.com'? Ensure browser is set to accept the JMeter proxy cert: An established connection was aborted by the software in your host machine
2025-03-24 12:14:41,711 WARN o.a.j.p.h.p.Proxy: [60445]  Problem with SSL certificate for url  for 'static.wixstatic.com'? Ensure browser is set to accept the JMeter proxy cert: An established connection was aborted by the software in your host machine
2025-03-24 12:14:41,717 WARN o.a.j.p.h.p.Proxy: [60444]  Problem with SSL certificate for url  for 'static.wixstatic.com'? Ensure browser is set to accept the JMeter proxy cert: An established connection was aborted by the software in your host machine
2025-03-24 12:14:41,760 WARN o.a.j.p.h.p.Proxy: [60448]  Problem with SSL certificate for url  for 'static.wixstatic.com'? Ensure browser is set to accept the JMeter proxy cert: An established connection was aborted by the software in your host machine
2025-03-24 12:14:41,782 WARN o.a.j.p.h.p.Proxy: [60447]  Problem with SSL certificate for url  for 'static.wixstatic.com'? Ensure browser is set to accept the JMeter proxy cert: An established connection was aborted by the software in your host machine
2025-03-24 12:14:41,783 WARN o.a.j.p.h.p.Proxy: [60449]  Problem with SSL certificate for url  for 'static.wixstatic.com'? Ensure browser is set to accept the JMeter proxy cert: An established connection was aborted by the software in your host machine
2025-03-24 12:14:41,802 WARN o.a.j.p.h.p.Proxy: [60450]  Problem with SSL certificate for url  for 'static.wixstatic.com'? Ensure browser is set to accept the JMeter proxy cert: (unknown_ca) Received fatal alert: unknown_ca
2025-03-24 12:14:41,805 WARN o.a.j.p.h.p.Proxy: [60451]  Problem with SSL certificate for url  for 'static.parastorage.com'? Ensure browser is set to accept the JMeter proxy cert: (unknown_ca) Received fatal alert: unknown_ca
2025-03-24 12:14:41,822 WARN o.a.j.p.h.p.Proxy: [60452]  Problem with SSL certificate for url  for 'static.parastorage.com'? Ensure browser is set to accept the JMeter proxy cert: (unknown_ca) Received fatal alert: unknown_ca
2025-03-24 12:14:41,822 WARN o.a.j.p.h.p.Proxy: [60453]  Problem with SSL certificate for url  for 'frog.wix.com'? Ensure browser is set to accept the JMeter proxy cert: (unknown_ca) Received fatal alert: unknown_ca
2025-03-24 12:14:41,828 WARN o.a.j.p.h.p.Proxy: [60454]  Problem with SSL certificate for url  for 'static.parastorage.com'? Ensure browser is set to accept the JMeter proxy cert: (unknown_ca) Received fatal alert: unknown_ca
2025-03-24 12:14:41,833 WARN o.a.j.p.h.p.Proxy: [60457]  Problem with SSL certificate for url  for 'static.parastorage.com'? Ensure browser is set to accept the JMeter proxy cert: An established connection was aborted by the software in your host machine
2025-03-24 12:14:41,860 WARN o.a.j.p.h.p.Proxy: [60460]  Problem with SSL certificate for url  for 'static.parastorage.com'? Ensure browser is set to accept the JMeter proxy cert: An established connection was aborted by the software in your host machine
2025-03-24 12:14:41,870 WARN o.a.j.p.h.p.Proxy: [60461]  Problem with SSL certificate for url  for 'static.parastorage.com'? Ensure browser is set to accept the JMeter proxy cert: An established connection was aborted by the software in your host machine
2025-03-24 12:14:41,883 WARN o.a.j.p.h.p.Proxy: [60463]  Problem with SSL certificate for url  for 'static.wixstatic.com'? Ensure browser is set to accept the JMeter proxy cert: An established connection was aborted by the software in your host machine
2025-03-24 12:14:41,900 WARN o.a.j.p.h.p.Proxy: [60464]  Problem with SSL certificate for url  for 'static.wixstatic.com'? Ensure browser is set to accept the JMeter proxy cert: An established connection was aborted by the software in your host machine
2025-03-24 12:14:42,022 WARN o.a.j.p.h.p.Proxy: [60469]  Problem with SSL certificate for url  for 'static.wixstatic.com'? Ensure browser is set to accept the JMeter proxy cert: An established connection was aborted by the software in your host machine
2025-03-24 12:14:42,030 WARN o.a.j.p.h.p.Proxy: [60470]  Problem with SSL certificate for url  for 'static.wixstatic.com'? Ensure browser is set to accept the JMeter proxy cert: An established connection was aborted by the software in your host machine
2025-03-24 12:14:42,759 WARN o.a.j.p.h.p.Proxy: [60477]  Problem with SSL certificate for url  for 'static.parastorage.com'? Ensure browser is set to accept the JMeter proxy cert: An established connection was aborted by the software in your host machine
2025-03-24 12:14:42,779 WARN o.a.j.p.h.p.Proxy: [60479]  Problem with SSL certificate for url  for 'frog.wix.com'? Ensure browser is set to accept the JMeter proxy cert: (unknown_ca) Received fatal alert: unknown_ca
2025-03-24 12:14:42,779 WARN o.a.j.p.h.p.Proxy: [60481]  Problem with SSL certificate for url  for 'browser.sentry-cdn.com'? Ensure browser is set to accept the JMeter proxy cert: (unknown_ca) Received fatal alert: unknown_ca
2025-03-24 12:14:42,779 WARN o.a.j.p.h.p.Proxy: [60480]  Problem with SSL certificate for url  for 'panorama.wixapps.net'? Ensure browser is set to accept the JMeter proxy cert: (unknown_ca) Received fatal alert: unknown_ca
2025-03-24 12:14:45,710 INFO o.a.j.p.h.p.ProxyControl: Add sample -192 into controller 
2025-03-24 12:14:45,745 WARN o.a.j.p.h.p.Proxy: [60490]  Problem with SSL certificate for url  for 'static.wixstatic.com'? Ensure browser is set to accept the JMeter proxy cert: (unknown_ca) Received fatal alert: unknown_ca
2025-03-24 12:14:45,749 WARN o.a.j.p.h.p.Proxy: [60491]  Problem with SSL certificate for url  for 'static.wixstatic.com'? Ensure browser is set to accept the JMeter proxy cert: An established connection was aborted by the software in your host machine
2025-03-24 12:14:45,760 WARN o.a.j.p.h.p.Proxy: [60492]  Problem with SSL certificate for url  for 'siteassets.parastorage.com'? Ensure browser is set to accept the JMeter proxy cert: (unknown_ca) Received fatal alert: unknown_ca
2025-03-24 12:14:45,762 WARN o.a.j.p.h.p.Proxy: [60493]  Problem with SSL certificate for url  for 'siteassets.parastorage.com'? Ensure browser is set to accept the JMeter proxy cert: (unknown_ca) Received fatal alert: unknown_ca
2025-03-24 12:14:45,768 WARN o.a.j.p.h.p.Proxy: [60494]  Problem with SSL certificate for url  for 'siteassets.parastorage.com'? Ensure browser is set to accept the JMeter proxy cert: (unknown_ca) Received fatal alert: unknown_ca
2025-03-24 12:14:45,768 WARN o.a.j.p.h.p.Proxy: [60495]  Problem with SSL certificate for url  for 'browser.sentry-cdn.com'? Ensure browser is set to accept the JMeter proxy cert: (unknown_ca) Received fatal alert: unknown_ca
2025-03-24 12:14:45,778 WARN o.a.j.p.h.p.Proxy: [60496]  Problem with SSL certificate for url  for 'static.parastorage.com'? Ensure browser is set to accept the JMeter proxy cert: (unknown_ca) Received fatal alert: unknown_ca
2025-03-24 12:14:45,782 WARN o.a.j.p.h.p.Proxy: [60497]  Problem with SSL certificate for url  for 'static.parastorage.com'? Ensure browser is set to accept the JMeter proxy cert: An established connection was aborted by the software in your host machine
2025-03-24 12:14:45,797 WARN o.a.j.p.h.p.Proxy: [60498]  Problem with SSL certificate for url  for 'static.parastorage.com'? Ensure browser is set to accept the JMeter proxy cert: An established connection was aborted by the software in your host machine
2025-03-24 12:14:45,799 WARN o.a.j.p.h.p.Proxy: [60499]  Problem with SSL certificate for url  for 'static.parastorage.com'? Ensure browser is set to accept the JMeter proxy cert: An established connection was aborted by the software in your host machine
2025-03-24 12:14:45,812 WARN o.a.j.p.h.p.Proxy: [60500]  Problem with SSL certificate for url  for 'static.parastorage.com'? Ensure browser is set to accept the JMeter proxy cert: An established connection was aborted by the software in your host machine
2025-03-24 12:14:45,826 WARN o.a.j.p.h.p.Proxy: [60501]  Problem with SSL certificate for url  for 'static.parastorage.com'? Ensure browser is set to accept the JMeter proxy cert: An established connection was aborted by the software in your host machine
2025-03-24 12:14:45,837 WARN o.a.j.p.h.p.Proxy: [60502]  Problem with SSL certificate for url  for 'static.parastorage.com'? Ensure browser is set to accept the JMeter proxy cert: An established connection was aborted by the software in your host machine
2025-03-24 12:14:45,840 WARN o.a.j.p.h.p.Proxy: [60503]  Problem with SSL certificate for url  for 'static.parastorage.com'? Ensure browser is set to accept the JMeter proxy cert: An established connection was aborted by the software in your host machine
2025-03-24 12:14:45,849 WARN o.a.j.p.h.p.Proxy: [60489]  Problem with SSL certificate for url  for 'code.jquery.com'? Ensure browser is set to accept the JMeter proxy cert: An established connection was aborted by the software in your host machine
2025-03-24 12:14:45,967 WARN o.a.j.p.h.p.Proxy: [60516]  Problem with SSL certificate for url  for 'static.wixstatic.com'? Ensure browser is set to accept the JMeter proxy cert: An established connection was aborted by the software in your host machine
2025-03-24 12:14:45,980 WARN o.a.j.p.h.p.Proxy: [60517]  Problem with SSL certificate for url  for 'static.wixstatic.com'? Ensure browser is set to accept the JMeter proxy cert: An established connection was aborted by the software in your host machine
2025-03-24 12:14:45,983 WARN o.a.j.p.h.p.Proxy: [60519]  Problem with SSL certificate for url  for 'static.parastorage.com'? Ensure browser is set to accept the JMeter proxy cert: (unknown_ca) Received fatal alert: unknown_ca
2025-03-24 12:14:45,990 WARN o.a.j.p.h.p.Proxy: [60518]  Problem with SSL certificate for url  for 'static.wixstatic.com'? Ensure browser is set to accept the JMeter proxy cert: An established connection was aborted by the software in your host machine
2025-03-24 12:14:45,999 WARN o.a.j.p.h.p.Proxy: [60520]  Problem with SSL certificate for url  for 'static.parastorage.com'? Ensure browser is set to accept the JMeter proxy cert: An established connection was aborted by the software in your host machine
2025-03-24 12:14:46,002 WARN o.a.j.p.h.p.Proxy: [60522]  Problem with SSL certificate for url  for 'static.parastorage.com'? Ensure browser is set to accept the JMeter proxy cert: (unknown_ca) Received fatal alert: unknown_ca
2025-03-24 12:14:46,005 WARN o.a.j.p.h.p.Proxy: [60521]  Problem with SSL certificate for url  for 'static.wixstatic.com'? Ensure browser is set to accept the JMeter proxy cert: An established connection was aborted by the software in your host machine
2025-03-24 12:14:46,015 WARN o.a.j.p.h.p.Proxy: [60524]  Problem with SSL certificate for url  for 'panorama.wixapps.net'? Ensure browser is set to accept the JMeter proxy cert: Connection reset
2025-03-24 12:14:46,029 WARN o.a.j.p.h.p.Proxy: [60523]  Problem with SSL certificate for url  for 'frog.wix.com'? Ensure browser is set to accept the JMeter proxy cert: An established connection was aborted by the software in your host machine
2025-03-24 12:14:46,064 WARN o.a.j.p.h.p.Proxy: [60527]  Problem with SSL certificate for url  for 'static.parastorage.com'? Ensure browser is set to accept the JMeter proxy cert: (unknown_ca) Received fatal alert: unknown_ca
2025-03-24 12:14:46,066 WARN o.a.j.p.h.p.Proxy: [60528]  Problem with SSL certificate for url  for 'static.parastorage.com'? Ensure browser is set to accept the JMeter proxy cert: An established connection was aborted by the software in your host machine
2025-03-24 12:14:46,078 WARN o.a.j.p.h.p.Proxy: [60529]  Problem with SSL certificate for url  for 'static.parastorage.com'? Ensure browser is set to accept the JMeter proxy cert: An established connection was aborted by the software in your host machine
2025-03-24 12:14:46,092 WARN o.a.j.p.h.p.Proxy: [60530]  Problem with SSL certificate for url  for 'static.parastorage.com'? Ensure browser is set to accept the JMeter proxy cert: An established connection was aborted by the software in your host machine
2025-03-24 12:14:46,096 WARN o.a.j.p.h.p.Proxy: [60531]  Problem with SSL certificate for url  for 'static.parastorage.com'? Ensure browser is set to accept the JMeter proxy cert: An established connection was aborted by the software in your host machine
2025-03-24 12:14:46,111 WARN o.a.j.p.h.p.Proxy: [60539]  Problem with SSL certificate for url  for 'static.wixstatic.com'? Ensure browser is set to accept the JMeter proxy cert: An established connection was aborted by the software in your host machine
2025-03-24 12:14:46,127 WARN o.a.j.p.h.p.Proxy: [60538]  Problem with SSL certificate for url  for 'static.wixstatic.com'? Ensure browser is set to accept the JMeter proxy cert: An established connection was aborted by the software in your host machine
2025-03-24 12:14:46,183 WARN o.a.j.p.h.p.Proxy: [60548]  Problem with SSL certificate for url  for 'static.parastorage.com'? Ensure browser is set to accept the JMeter proxy cert: An established connection was aborted by the software in your host machine
2025-03-24 12:14:46,189 WARN o.a.j.p.h.p.Proxy: [60547]  Problem with SSL certificate for url  for 'static.parastorage.com'? Ensure browser is set to accept the JMeter proxy cert: (unknown_ca) Received fatal alert: unknown_ca
2025-03-24 12:14:46,192 WARN o.a.j.p.h.p.Proxy: [60549]  Problem with SSL certificate for url  for 'frog.wix.com'? Ensure browser is set to accept the JMeter proxy cert: An established connection was aborted by the software in your host machine
2025-03-24 12:14:46,226 WARN o.a.j.p.h.p.Proxy: [60553]  Problem with SSL certificate for url  for 'static.parastorage.com'? Ensure browser is set to accept the JMeter proxy cert: An established connection was aborted by the software in your host machine
2025-03-24 12:14:46,265 WARN o.a.j.p.h.p.Proxy: [60560]  Problem with SSL certificate for url  for 'static.wixstatic.com'? Ensure browser is set to accept the JMeter proxy cert: An established connection was aborted by the software in your host machine
2025-03-24 12:14:46,277 WARN o.a.j.p.h.p.Proxy: [60559]  Problem with SSL certificate for url  for 'static.wixstatic.com'? Ensure browser is set to accept the JMeter proxy cert: An established connection was aborted by the software in your host machine
2025-03-24 12:14:46,285 WARN o.a.j.p.h.p.Proxy: [60563]  Problem with SSL certificate for url  for 'static.wixstatic.com'? Ensure browser is set to accept the JMeter proxy cert: An established connection was aborted by the software in your host machine
2025-03-24 12:14:46,318 WARN o.a.j.p.h.p.Proxy: [60567]  Problem with SSL certificate for url  for 'static.wixstatic.com'? Ensure browser is set to accept the JMeter proxy cert: An established connection was aborted by the software in your host machine
2025-03-24 12:14:46,330 WARN o.a.j.p.h.p.Proxy: [60569]  Problem with SSL certificate for url  for 'static.wixstatic.com'? Ensure browser is set to accept the JMeter proxy cert: An established connection was aborted by the software in your host machine
2025-03-24 12:14:46,347 WARN o.a.j.p.h.p.Proxy: [60573]  Problem with SSL certificate for url  for 'static.wixstatic.com'? Ensure browser is set to accept the JMeter proxy cert: An established connection was aborted by the software in your host machine
2025-03-24 12:14:46,356 WARN o.a.j.p.h.p.Proxy: [60575]  Problem with SSL certificate for url  for 'static.wixstatic.com'? Ensure browser is set to accept the JMeter proxy cert: An established connection was aborted by the software in your host machine
2025-03-24 12:14:46,417 WARN o.a.j.p.h.p.Proxy: [60582]  Problem with SSL certificate for url  for 'static.parastorage.com'? Ensure browser is set to accept the JMeter proxy cert: An established connection was aborted by the software in your host machine
2025-03-24 12:14:46,430 WARN o.a.j.p.h.p.Proxy: [60584]  Problem with SSL certificate for url  for 'static.parastorage.com'? Ensure browser is set to accept the JMeter proxy cert: An established connection was aborted by the software in your host machine
2025-03-24 12:14:46,462 WARN o.a.j.p.h.p.Proxy: [60583]  Problem with SSL certificate for url  for 'static.parastorage.com'? Ensure browser is set to accept the JMeter proxy cert: An established connection was aborted by the software in your host machine
2025-03-24 12:14:46,508 WARN o.a.j.p.h.p.Proxy: [60586]  Problem with SSL certificate for url  for 'static.wixstatic.com'? Ensure browser is set to accept the JMeter proxy cert: An established connection was aborted by the software in your host machine
2025-03-24 12:14:46,531 WARN o.a.j.p.h.p.Proxy: [60587]  Problem with SSL certificate for url  for 'static.parastorage.com'? Ensure browser is set to accept the JMeter proxy cert: An established connection was aborted by the software in your host machine
2025-03-24 12:14:46,531 WARN o.a.j.p.h.p.Proxy: [60588]  Problem with SSL certificate for url  for 'static.wixstatic.com'? Ensure browser is set to accept the JMeter proxy cert: An established connection was aborted by the software in your host machine
2025-03-24 12:14:46,559 WARN o.a.j.p.h.p.Proxy: [60593]  Problem with SSL certificate for url  for 'frog.wix.com'? Ensure browser is set to accept the JMeter proxy cert: (unknown_ca) Received fatal alert: unknown_ca
2025-03-24 12:14:46,560 WARN o.a.j.p.h.p.Proxy: [60594]  Problem with SSL certificate for url  for 'panorama.wixapps.net'? Ensure browser is set to accept the JMeter proxy cert: (unknown_ca) Received fatal alert: unknown_ca
2025-03-24 12:14:46,567 WARN o.a.j.p.h.p.Proxy: [60595]  Problem with SSL certificate for url  for 'browser.sentry-cdn.com'? Ensure browser is set to accept the JMeter proxy cert: (unknown_ca) Received fatal alert: unknown_ca
2025-03-24 12:14:53,438 WARN o.a.j.p.h.p.Proxy: [60605]  Problem with SSL certificate for url  for 'code.jquery.com'? Ensure browser is set to accept the JMeter proxy cert: (unknown_ca) Received fatal alert: unknown_ca
2025-03-24 12:14:53,438 WARN o.a.j.p.h.p.Proxy: [60606]  Problem with SSL certificate for url  for 'static.wixstatic.com'? Ensure browser is set to accept the JMeter proxy cert: (unknown_ca) Received fatal alert: unknown_ca
2025-03-24 12:14:53,440 WARN o.a.j.p.h.p.Proxy: [60610]  Problem with SSL certificate for url  for 'siteassets.parastorage.com'? Ensure browser is set to accept the JMeter proxy cert: (unknown_ca) Received fatal alert: unknown_ca
2025-03-24 12:14:53,447 WARN o.a.j.p.h.p.Proxy: [60611]  Problem with SSL certificate for url  for 'browser.sentry-cdn.com'? Ensure browser is set to accept the JMeter proxy cert: (unknown_ca) Received fatal alert: unknown_ca
2025-03-24 12:14:53,452 WARN o.a.j.p.h.p.Proxy: [60608]  Problem with SSL certificate for url  for 'siteassets.parastorage.com'? Ensure browser is set to accept the JMeter proxy cert: An established connection was aborted by the software in your host machine
2025-03-24 12:14:53,461 WARN o.a.j.p.h.p.Proxy: [60607]  Problem with SSL certificate for url  for 'static.wixstatic.com'? Ensure browser is set to accept the JMeter proxy cert: An established connection was aborted by the software in your host machine
2025-03-24 12:14:53,464 WARN o.a.j.p.h.p.Proxy: [60609]  Problem with SSL certificate for url  for 'siteassets.parastorage.com'? Ensure browser is set to accept the JMeter proxy cert: An established connection was aborted by the software in your host machine
2025-03-24 12:14:53,467 WARN o.a.j.p.h.p.Proxy: [60613]  Problem with SSL certificate for url  for 'static.parastorage.com'? Ensure browser is set to accept the JMeter proxy cert: (unknown_ca) Received fatal alert: unknown_ca
2025-03-24 12:14:53,467 WARN o.a.j.p.h.p.Proxy: [60612]  Problem with SSL certificate for url  for 'static.parastorage.com'? Ensure browser is set to accept the JMeter proxy cert: (unknown_ca) Received fatal alert: unknown_ca
2025-03-24 12:14:53,476 WARN o.a.j.p.h.p.Proxy: [60615]  Problem with SSL certificate for url  for 'static.parastorage.com'? Ensure browser is set to accept the JMeter proxy cert: (unknown_ca) Received fatal alert: unknown_ca
2025-03-24 12:14:53,481 WARN o.a.j.p.h.p.Proxy: [60614]  Problem with SSL certificate for url  for 'static.parastorage.com'? Ensure browser is set to accept the JMeter proxy cert: (unknown_ca) Received fatal alert: unknown_ca
2025-03-24 12:14:53,492 WARN o.a.j.p.h.p.Proxy: [60616]  Problem with SSL certificate for url  for 'static.parastorage.com'? Ensure browser is set to accept the JMeter proxy cert: Connection reset by peer
2025-03-24 12:14:53,493 WARN o.a.j.p.h.p.Proxy: [60618]  Problem with SSL certificate for url  for 'static.parastorage.com'? Ensure browser is set to accept the JMeter proxy cert: (unknown_ca) Received fatal alert: unknown_ca
2025-03-24 12:14:53,495 WARN o.a.j.p.h.p.Proxy: [60617]  Problem with SSL certificate for url  for 'static.parastorage.com'? Ensure browser is set to accept the JMeter proxy cert: An established connection was aborted by the software in your host machine
2025-03-24 12:14:53,506 WARN o.a.j.p.h.p.Proxy: [60619]  Problem with SSL certificate for url  for 'static.parastorage.com'? Ensure browser is set to accept the JMeter proxy cert: An established connection was aborted by the software in your host machine
2025-03-24 12:14:53,531 WARN o.a.j.p.h.p.Proxy: [60622]  Problem with SSL certificate for url  for 'frog.wix.com'? Ensure browser is set to accept the JMeter proxy cert: An established connection was aborted by the software in your host machine
2025-03-24 12:14:53,533 INFO o.a.j.p.h.p.ProxyControl: Add sample -223 into controller 
2025-03-24 12:14:53,534 WARN o.a.j.p.h.p.Proxy: [60623]  Problem with SSL certificate for url  for 'panorama.wixapps.net'? Ensure browser is set to accept the JMeter proxy cert: An established connection was aborted by the software in your host machine
2025-03-24 12:14:53,559 WARN o.a.j.p.h.p.Proxy: [60626]  Problem with SSL certificate for url  for 'static.wixstatic.com'? Ensure browser is set to accept the JMeter proxy cert: An established connection was aborted by the software in your host machine
2025-03-24 12:14:53,575 WARN o.a.j.p.h.p.Proxy: [60628]  Problem with SSL certificate for url  for 'static.wixstatic.com'? Ensure browser is set to accept the JMeter proxy cert: (unknown_ca) Received fatal alert: unknown_ca
2025-03-24 12:14:53,593 WARN o.a.j.p.h.p.Proxy: [60632]  Problem with SSL certificate for url  for 'static.parastorage.com'? Ensure browser is set to accept the JMeter proxy cert: (unknown_ca) Received fatal alert: unknown_ca
2025-03-24 12:14:53,595 WARN o.a.j.p.h.p.Proxy: [60629]  Problem with SSL certificate for url  for 'static.parastorage.com'? Ensure browser is set to accept the JMeter proxy cert: An established connection was aborted by the software in your host machine
2025-03-24 12:14:53,595 WARN o.a.j.p.h.p.Proxy: [60631]  Problem with SSL certificate for url  for 'static.wixstatic.com'? Ensure browser is set to accept the JMeter proxy cert: An established connection was aborted by the software in your host machine
2025-03-24 12:14:53,605 WARN o.a.j.p.h.p.Proxy: [60633]  Problem with SSL certificate for url  for 'static.wixstatic.com'? Ensure browser is set to accept the JMeter proxy cert: (unknown_ca) Received fatal alert: unknown_ca
2025-03-24 12:14:53,609 WARN o.a.j.p.h.p.Proxy: [60635]  Problem with SSL certificate for url  for 'static.parastorage.com'? Ensure browser is set to accept the JMeter proxy cert: Connection reset by peer
2025-03-24 12:14:53,671 WARN o.a.j.p.h.p.Proxy: [60647]  Problem with SSL certificate for url  for 'static.parastorage.com'? Ensure browser is set to accept the JMeter proxy cert: An established connection was aborted by the software in your host machine
2025-03-24 12:14:53,690 WARN o.a.j.p.h.p.Proxy: [60648]  Problem with SSL certificate for url  for 'static.parastorage.com'? Ensure browser is set to accept the JMeter proxy cert: Connection reset by peer
2025-03-24 12:14:53,692 WARN o.a.j.p.h.p.Proxy: [60650]  Problem with SSL certificate for url  for 'static.parastorage.com'? Ensure browser is set to accept the JMeter proxy cert: An established connection was aborted by the software in your host machine
2025-03-24 12:14:53,693 WARN o.a.j.p.h.p.Proxy: [60649]  Problem with SSL certificate for url  for 'static.parastorage.com'? Ensure browser is set to accept the JMeter proxy cert: An established connection was aborted by the software in your host machine
2025-03-24 12:14:53,713 WARN o.a.j.p.h.p.Proxy: [60651]  Problem with SSL certificate for url  for 'static.parastorage.com'? Ensure browser is set to accept the JMeter proxy cert: An established connection was aborted by the software in your host machine
2025-03-24 12:14:53,785 WARN o.a.j.p.h.p.Proxy: [60654]  Problem with SSL certificate for url  for 'static.wixstatic.com'? Ensure browser is set to accept the JMeter proxy cert: An established connection was aborted by the software in your host machine
2025-03-24 12:14:53,797 WARN o.a.j.p.h.p.Proxy: [60655]  Problem with SSL certificate for url  for 'static.wixstatic.com'? Ensure browser is set to accept the JMeter proxy cert: An established connection was aborted by the software in your host machine
2025-03-24 12:14:53,814 WARN o.a.j.p.h.p.Proxy: [60657]  Problem with SSL certificate for url  for 'static.wixstatic.com'? Ensure browser is set to accept the JMeter proxy cert: An established connection was aborted by the software in your host machine
2025-03-24 12:14:53,828 WARN o.a.j.p.h.p.Proxy: [60660]  Problem with SSL certificate for url  for 'static.wixstatic.com'? Ensure browser is set to accept the JMeter proxy cert: (unknown_ca) Received fatal alert: unknown_ca
2025-03-24 12:14:53,832 WARN o.a.j.p.h.p.Proxy: [60656]  Problem with SSL certificate for url  for 'static.wixstatic.com'? Ensure browser is set to accept the JMeter proxy cert: An established connection was aborted by the software in your host machine
2025-03-24 12:14:53,851 WARN o.a.j.p.h.p.Proxy: [60664]  Problem with SSL certificate for url  for 'static.wixstatic.com'? Ensure browser is set to accept the JMeter proxy cert: An established connection was aborted by the software in your host machine
2025-03-24 12:14:53,868 WARN o.a.j.p.h.p.Proxy: [60666]  Problem with SSL certificate for url  for 'static.wixstatic.com'? Ensure browser is set to accept the JMeter proxy cert: An established connection was aborted by the software in your host machine
2025-03-24 12:14:53,868 WARN o.a.j.p.h.p.Proxy: [60667]  Problem with SSL certificate for url  for 'static.wixstatic.com'? Ensure browser is set to accept the JMeter proxy cert: An established connection was aborted by the software in your host machine
2025-03-24 12:14:53,898 WARN o.a.j.p.h.p.Proxy: [60672]  Problem with SSL certificate for url  for 'static.wixstatic.com'? Ensure browser is set to accept the JMeter proxy cert: (unknown_ca) Received fatal alert: unknown_ca
2025-03-24 12:14:53,901 WARN o.a.j.p.h.p.Proxy: [60673]  Problem with SSL certificate for url  for 'static.wixstatic.com'? Ensure browser is set to accept the JMeter proxy cert: Connection reset by peer
2025-03-24 12:14:53,903 WARN o.a.j.p.h.p.Proxy: [60670]  Problem with SSL certificate for url  for 'static.wixstatic.com'? Ensure browser is set to accept the JMeter proxy cert: An established connection was aborted by the software in your host machine
2025-03-24 12:14:53,914 WARN o.a.j.p.h.p.Proxy: [60674]  Problem with SSL certificate for url  for 'static.wixstatic.com'? Ensure browser is set to accept the JMeter proxy cert: An established connection was aborted by the software in your host machine
2025-03-24 12:14:53,948 WARN o.a.j.p.h.p.Proxy: [60685]  Problem with SSL certificate for url  for 'static.wixstatic.com'? Ensure browser is set to accept the JMeter proxy cert: (unknown_ca) Received fatal alert: unknown_ca
2025-03-24 12:14:53,948 WARN o.a.j.p.h.p.Proxy: [60686]  Problem with SSL certificate for url  for 'static.wixstatic.com'? Ensure browser is set to accept the JMeter proxy cert: (unknown_ca) Received fatal alert: unknown_ca
2025-03-24 12:14:53,966 WARN o.a.j.p.h.p.Proxy: [60691]  Problem with SSL certificate for url  for 'static.wixstatic.com'? Ensure browser is set to accept the JMeter proxy cert: An established connection was aborted by the software in your host machine
2025-03-24 12:14:53,976 WARN o.a.j.p.h.p.Proxy: [60693]  Problem with SSL certificate for url  for 'static.wixstatic.com'? Ensure browser is set to accept the JMeter proxy cert: An established connection was aborted by the software in your host machine
2025-03-24 12:14:53,992 WARN o.a.j.p.h.p.Proxy: [60695]  Problem with SSL certificate for url  for 'static.parastorage.com'? Ensure browser is set to accept the JMeter proxy cert: An established connection was aborted by the software in your host machine
2025-03-24 12:14:54,026 WARN o.a.j.p.h.p.Proxy: [60697]  Problem with SSL certificate for url  for 'frog.wix.com'? Ensure browser is set to accept the JMeter proxy cert: An established connection was aborted by the software in your host machine
2025-03-24 12:14:54,032 WARN o.a.j.p.h.p.Proxy: [60696]  Problem with SSL certificate for url  for 'static.parastorage.com'? Ensure browser is set to accept the JMeter proxy cert: An established connection was aborted by the software in your host machine
2025-03-24 12:14:54,043 WARN o.a.j.p.h.p.Proxy: [60700]  Problem with SSL certificate for url  for 'static.parastorage.com'? Ensure browser is set to accept the JMeter proxy cert: An established connection was aborted by the software in your host machine
2025-03-24 12:14:54,071 WARN o.a.j.p.h.p.Proxy: [60705]  Problem with SSL certificate for url  for 'static.parastorage.com'? Ensure browser is set to accept the JMeter proxy cert: (unknown_ca) Received fatal alert: unknown_ca
2025-03-24 12:14:54,072 WARN o.a.j.p.h.p.Proxy: [60706]  Problem with SSL certificate for url  for 'static.parastorage.com'? Ensure browser is set to accept the JMeter proxy cert: (unknown_ca) Received fatal alert: unknown_ca
2025-03-24 12:14:54,074 WARN o.a.j.p.h.p.Proxy: [60707]  Problem with SSL certificate for url  for 'static.parastorage.com'? Ensure browser is set to accept the JMeter proxy cert: (unknown_ca) Received fatal alert: unknown_ca
2025-03-24 12:14:54,104 WARN o.a.j.p.h.p.Proxy: [60715]  Problem with SSL certificate for url  for 'static.wixstatic.com'? Ensure browser is set to accept the JMeter proxy cert: (unknown_ca) Received fatal alert: unknown_ca
2025-03-24 12:14:54,110 WARN o.a.j.p.h.p.Proxy: [60714]  Problem with SSL certificate for url  for 'static.parastorage.com'? Ensure browser is set to accept the JMeter proxy cert: An established connection was aborted by the software in your host machine
2025-03-24 12:14:54,150 WARN o.a.j.p.h.p.Proxy: [60718]  Problem with SSL certificate for url  for 'static.wixstatic.com'? Ensure browser is set to accept the JMeter proxy cert: (unknown_ca) Received fatal alert: unknown_ca
2025-03-24 12:14:54,151 WARN o.a.j.p.h.p.Proxy: [60720]  Problem with SSL certificate for url  for 'frog.wix.com'? Ensure browser is set to accept the JMeter proxy cert: (unknown_ca) Received fatal alert: unknown_ca
2025-03-24 12:14:54,154 WARN o.a.j.p.h.p.Proxy: [60721]  Problem with SSL certificate for url  for 'panorama.wixapps.net'? Ensure browser is set to accept the JMeter proxy cert: (unknown_ca) Received fatal alert: unknown_ca
2025-03-24 12:14:54,159 WARN o.a.j.p.h.p.Proxy: [60722]  Problem with SSL certificate for url  for 'browser.sentry-cdn.com'? Ensure browser is set to accept the JMeter proxy cert: An established connection was aborted by the software in your host machine
2025-03-24 12:14:59,817 WARN o.a.j.p.h.p.Proxy: [60736]  Problem with SSL certificate for url  for 'code.jquery.com'? Ensure browser is set to accept the JMeter proxy cert: (unknown_ca) Received fatal alert: unknown_ca
2025-03-24 12:14:59,834 WARN o.a.j.p.h.p.Proxy: [60738]  Problem with SSL certificate for url  for 'siteassets.parastorage.com'? Ensure browser is set to accept the JMeter proxy cert: An established connection was aborted by the software in your host machine
2025-03-24 12:14:59,841 WARN o.a.j.p.h.p.Proxy: [60737]  Problem with SSL certificate for url  for 'static.wixstatic.com'? Ensure browser is set to accept the JMeter proxy cert: (unknown_ca) Received fatal alert: unknown_ca
2025-03-24 12:14:59,845 WARN o.a.j.p.h.p.Proxy: [60741]  Problem with SSL certificate for url  for 'browser.sentry-cdn.com'? Ensure browser is set to accept the JMeter proxy cert: An established connection was aborted by the software in your host machine
2025-03-24 12:14:59,847 WARN o.a.j.p.h.p.Proxy: [60739]  Problem with SSL certificate for url  for 'siteassets.parastorage.com'? Ensure browser is set to accept the JMeter proxy cert: An established connection was aborted by the software in your host machine
2025-03-24 12:14:59,849 WARN o.a.j.p.h.p.Proxy: [60740]  Problem with SSL certificate for url  for 'siteassets.parastorage.com'? Ensure browser is set to accept the JMeter proxy cert: An established connection was aborted by the software in your host machine
2025-03-24 12:14:59,868 WARN o.a.j.p.h.p.Proxy: [60744]  Problem with SSL certificate for url  for 'static.parastorage.com'? Ensure browser is set to accept the JMeter proxy cert: (unknown_ca) Received fatal alert: unknown_ca
2025-03-24 12:14:59,874 WARN o.a.j.p.h.p.Proxy: [60742]  Problem with SSL certificate for url  for 'static.parastorage.com'? Ensure browser is set to accept the JMeter proxy cert: (unknown_ca) Received fatal alert: unknown_ca
2025-03-24 12:14:59,876 WARN o.a.j.p.h.p.Proxy: [60745]  Problem with SSL certificate for url  for 'static.parastorage.com'? Ensure browser is set to accept the JMeter proxy cert: An established connection was aborted by the software in your host machine
2025-03-24 12:14:59,880 WARN o.a.j.p.h.p.Proxy: [60746]  Problem with SSL certificate for url  for 'static.parastorage.com'? Ensure browser is set to accept the JMeter proxy cert: An established connection was aborted by the software in your host machine
2025-03-24 12:14:59,894 WARN o.a.j.p.h.p.Proxy: [60747]  Problem with SSL certificate for url  for 'static.parastorage.com'? Ensure browser is set to accept the JMeter proxy cert: An established connection was aborted by the software in your host machine
2025-03-24 12:14:59,909 WARN o.a.j.p.h.p.Proxy: [60749]  Problem with SSL certificate for url  for 'static.parastorage.com'? Ensure browser is set to accept the JMeter proxy cert: An established connection was aborted by the software in your host machine
2025-03-24 12:14:59,923 WARN o.a.j.p.h.p.Proxy: [60750]  Problem with SSL certificate for url  for 'static.parastorage.com'? Ensure browser is set to accept the JMeter proxy cert: An established connection was aborted by the software in your host machine
2025-03-24 12:14:59,926 WARN o.a.j.p.h.p.Proxy: [60751]  Problem with SSL certificate for url  for 'static.parastorage.com'? Ensure browser is set to accept the JMeter proxy cert: An established connection was aborted by the software in your host machine
2025-03-24 12:14:59,944 WARN o.a.j.p.h.p.Proxy: [60758]  Problem with SSL certificate for url  for 'panorama.wixapps.net'? Ensure browser is set to accept the JMeter proxy cert: (unknown_ca) Received fatal alert: unknown_ca
2025-03-24 12:14:59,944 WARN o.a.j.p.h.p.Proxy: [60757]  Problem with SSL certificate for url  for 'frog.wix.com'? Ensure browser is set to accept the JMeter proxy cert: (unknown_ca) Received fatal alert: unknown_ca
2025-03-24 12:14:59,991 INFO o.a.j.p.h.p.ProxyControl: Add sample -257 into controller 
2025-03-24 12:15:00,071 WARN o.a.j.p.h.p.Proxy: [60770]  Problem with SSL certificate for url  for 'static.wixstatic.com'? Ensure browser is set to accept the JMeter proxy cert: (unknown_ca) Received fatal alert: unknown_ca
2025-03-24 12:15:00,072 WARN o.a.j.p.h.p.Proxy: [60771]  Problem with SSL certificate for url  for 'static.wixstatic.com'? Ensure browser is set to accept the JMeter proxy cert: (unknown_ca) Received fatal alert: unknown_ca
2025-03-24 12:15:00,072 WARN o.a.j.p.h.p.Proxy: [60773]  Problem with SSL certificate for url  for 'static.parastorage.com'? Ensure browser is set to accept the JMeter proxy cert: (unknown_ca) Received fatal alert: unknown_ca
2025-03-24 12:15:00,072 WARN o.a.j.p.h.p.Proxy: [60772]  Problem with SSL certificate for url  for 'static.wixstatic.com'? Ensure browser is set to accept the JMeter proxy cert: (unknown_ca) Received fatal alert: unknown_ca
2025-03-24 12:15:00,081 WARN o.a.j.p.h.p.Proxy: [60774]  Problem with SSL certificate for url  for 'static.parastorage.com'? Ensure browser is set to accept the JMeter proxy cert: (unknown_ca) Received fatal alert: unknown_ca
2025-03-24 12:15:00,086 WARN o.a.j.p.h.p.Proxy: [60776]  Problem with SSL certificate for url  for 'static.parastorage.com'? Ensure browser is set to accept the JMeter proxy cert: (unknown_ca) Received fatal alert: unknown_ca
2025-03-24 12:15:00,086 WARN o.a.j.p.h.p.Proxy: [60775]  Problem with SSL certificate for url  for 'static.wixstatic.com'? Ensure browser is set to accept the JMeter proxy cert: (unknown_ca) Received fatal alert: unknown_ca
2025-03-24 12:15:00,118 WARN o.a.j.p.h.p.Proxy: [60779]  Problem with SSL certificate for url  for 'static.parastorage.com'? Ensure browser is set to accept the JMeter proxy cert: An established connection was aborted by the software in your host machine
2025-03-24 12:15:00,121 WARN o.a.j.p.h.p.Proxy: [60782]  Problem with SSL certificate for url  for 'static.parastorage.com'? Ensure browser is set to accept the JMeter proxy cert: An established connection was aborted by the software in your host machine
2025-03-24 12:15:00,130 WARN o.a.j.p.h.p.Proxy: [60785]  Problem with SSL certificate for url  for 'frog.wix.com'? Ensure browser is set to accept the JMeter proxy cert: (unknown_ca) Received fatal alert: unknown_ca
2025-03-24 12:15:00,135 WARN o.a.j.p.h.p.Proxy: [60786]  Problem with SSL certificate for url  for 'static.parastorage.com'? Ensure browser is set to accept the JMeter proxy cert: An established connection was aborted by the software in your host machine
2025-03-24 12:15:00,164 WARN o.a.j.p.h.p.Proxy: [60789]  Problem with SSL certificate for url  for 'static.wixstatic.com'? Ensure browser is set to accept the JMeter proxy cert: (unknown_ca) Received fatal alert: unknown_ca
2025-03-24 12:15:00,167 WARN o.a.j.p.h.p.Proxy: [60790]  Problem with SSL certificate for url  for 'static.wixstatic.com'? Ensure browser is set to accept the JMeter proxy cert: (unknown_ca) Received fatal alert: unknown_ca
2025-03-24 12:15:00,188 WARN o.a.j.p.h.p.Proxy: [60793]  Problem with SSL certificate for url  for 'static.wixstatic.com'? Ensure browser is set to accept the JMeter proxy cert: An established connection was aborted by the software in your host machine
2025-03-24 12:15:00,248 WARN o.a.j.p.h.p.Proxy: [60799]  Problem with SSL certificate for url  for 'static.wixstatic.com'? Ensure browser is set to accept the JMeter proxy cert: An established connection was aborted by the software in your host machine
2025-03-24 12:15:00,248 WARN o.a.j.p.h.p.Proxy: [60801]  Problem with SSL certificate for url  for 'static.wixstatic.com'? Ensure browser is set to accept the JMeter proxy cert: An established connection was aborted by the software in your host machine
2025-03-24 12:15:00,249 WARN o.a.j.p.h.p.Proxy: [60798]  Problem with SSL certificate for url  for 'static.wixstatic.com'? Ensure browser is set to accept the JMeter proxy cert: An established connection was aborted by the software in your host machine
2025-03-24 12:15:00,255 WARN o.a.j.p.h.p.Proxy: [60800]  Problem with SSL certificate for url  for 'static.wixstatic.com'? Ensure browser is set to accept the JMeter proxy cert: An established connection was aborted by the software in your host machine
2025-03-24 12:15:00,278 WARN o.a.j.p.h.p.Proxy: [60804]  Problem with SSL certificate for url  for 'static.parastorage.com'? Ensure browser is set to accept the JMeter proxy cert: An established connection was aborted by the software in your host machine
2025-03-24 12:15:00,280 WARN o.a.j.p.h.p.Proxy: [60803]  Problem with SSL certificate for url  for 'static.parastorage.com'? Ensure browser is set to accept the JMeter proxy cert: An established connection was aborted by the software in your host machine
2025-03-24 12:15:00,298 WARN o.a.j.p.h.p.Proxy: [60805]  Problem with SSL certificate for url  for 'static.parastorage.com'? Ensure browser is set to accept the JMeter proxy cert: (unknown_ca) Received fatal alert: unknown_ca
2025-03-24 12:15:00,301 WARN o.a.j.p.h.p.Proxy: [60806]  Problem with SSL certificate for url  for 'static.wixstatic.com'? Ensure browser is set to accept the JMeter proxy cert: (unknown_ca) Received fatal alert: unknown_ca
2025-03-24 12:15:00,305 WARN o.a.j.p.h.p.Proxy: [60807]  Problem with SSL certificate for url  for 'static.wixstatic.com'? Ensure browser is set to accept the JMeter proxy cert: An established connection was aborted by the software in your host machine
2025-03-24 12:15:00,305 WARN o.a.j.p.h.p.Proxy: [60810]  Problem with SSL certificate for url  for 'static.wixstatic.com'? Ensure browser is set to accept the JMeter proxy cert: An established connection was aborted by the software in your host machine
2025-03-24 12:15:00,313 WARN o.a.j.p.h.p.Proxy: [60811]  Problem with SSL certificate for url  for 'static.wixstatic.com'? Ensure browser is set to accept the JMeter proxy cert: An established connection was aborted by the software in your host machine
2025-03-24 12:15:00,323 WARN o.a.j.p.h.p.Proxy: [60819]  Problem with SSL certificate for url  for 'static.wixstatic.com'? Ensure browser is set to accept the JMeter proxy cert: (unknown_ca) Received fatal alert: unknown_ca
2025-03-24 12:15:00,325 WARN o.a.j.p.h.p.Proxy: [60823]  Problem with SSL certificate for url  for 'static.wixstatic.com'? Ensure browser is set to accept the JMeter proxy cert: (unknown_ca) Received fatal alert: unknown_ca
2025-03-24 12:15:00,350 WARN o.a.j.p.h.p.Proxy: [60824]  Problem with SSL certificate for url  for 'static.parastorage.com'? Ensure browser is set to accept the JMeter proxy cert: An established connection was aborted by the software in your host machine
2025-03-24 12:15:00,372 WARN o.a.j.p.h.p.Proxy: [60832]  Problem with SSL certificate for url  for 'panorama.wixapps.net'? Ensure browser is set to accept the JMeter proxy cert: (unknown_ca) Received fatal alert: unknown_ca
2025-03-24 12:15:00,376 WARN o.a.j.p.h.p.Proxy: [60833]  Problem with SSL certificate for url  for 'browser.sentry-cdn.com'? Ensure browser is set to accept the JMeter proxy cert: (unknown_ca) Received fatal alert: unknown_ca
2025-03-24 12:15:00,386 WARN o.a.j.p.h.p.Proxy: [60831]  Problem with SSL certificate for url  for 'frog.wix.com'? Ensure browser is set to accept the JMeter proxy cert: An established connection was aborted by the software in your host machine
2025-03-24 12:15:02,434 INFO o.a.j.p.h.p.Daemon: HTTP(S) Test Script Recorder stopped
2025-03-24 12:19:16,618 INFO o.a.j.s.FileServer: Set new base='D:\Jmeter-Project\Jmeter recordings'
2025-03-24 12:19:18,067 INFO o.a.j.e.StandardJMeterEngine: Running the test!
2025-03-24 12:19:18,067 INFO o.a.j.s.SampleEvent: List of sample_variables: []
2025-03-24 12:19:18,078 INFO o.a.j.g.u.JMeterMenuBar: setRunning(true, *local*)
2025-03-24 12:19:18,177 INFO o.a.j.e.StandardJMeterEngine: Starting ThreadGroup: 1 : Thread Group
2025-03-24 12:19:18,177 INFO o.a.j.e.StandardJMeterEngine: Starting 1 threads for group Thread Group.
2025-03-24 12:19:18,177 INFO o.a.j.e.StandardJMeterEngine: Thread will continue on error
2025-03-24 12:19:18,177 INFO o.a.j.t.ThreadGroup: Starting thread group... number=1 threads=1 ramp-up=1 delayedStart=false
2025-03-24 12:19:18,190 INFO o.a.j.t.ThreadGroup: Started thread group number 1
2025-03-24 12:19:18,190 INFO o.a.j.e.StandardJMeterEngine: All thread groups have been started
2025-03-24 12:19:18,195 INFO o.a.j.t.JMeterThread: Thread started: Thread Group 1-1
2025-03-24 12:21:20,673 INFO o.a.j.t.JMeterThread: Thread is done: Thread Group 1-1
2025-03-24 12:21:20,673 INFO o.a.j.t.JMeterThread: Thread finished: Thread Group 1-1
2025-03-24 12:21:20,673 INFO o.a.j.e.StandardJMeterEngine: Notifying test listeners of end of test
2025-03-24 12:21:20,681 INFO o.a.j.g.u.JMeterMenuBar: setRunning(false, *local*)
2025-03-24 16:21:47,767 INFO o.a.j.s.FileServer: Set new base='D:\Jmeter-Project\Jmeter recordings'
2025-03-24 16:21:50,783 INFO o.a.j.e.StandardJMeterEngine: Running the test!
2025-03-24 16:21:50,785 INFO o.a.j.s.SampleEvent: List of sample_variables: []
2025-03-24 16:21:50,787 INFO o.a.j.g.u.JMeterMenuBar: setRunning(true, *local*)
2025-03-24 16:21:50,908 INFO o.a.j.e.StandardJMeterEngine: Starting ThreadGroup: 1 : Thread Group
2025-03-24 16:21:50,908 INFO o.a.j.e.StandardJMeterEngine: Starting 1 threads for group Thread Group.
2025-03-24 16:21:50,908 INFO o.a.j.e.StandardJMeterEngine: Thread will continue on error
2025-03-24 16:21:50,908 INFO o.a.j.t.ThreadGroup: Starting thread group... number=1 threads=1 ramp-up=1 delayedStart=false
2025-03-24 16:21:50,908 INFO o.a.j.t.ThreadGroup: Started thread group number 1
2025-03-24 16:21:50,908 INFO o.a.j.e.StandardJMeterEngine: All thread groups have been started
2025-03-24 16:21:50,909 INFO o.a.j.t.JMeterThread: Thread started: Thread Group 1-1
2025-03-24 16:21:51,384 INFO o.a.j.t.JMeterThread: Thread is done: Thread Group 1-1
2025-03-24 16:21:51,385 INFO o.a.j.t.JMeterThread: Thread finished: Thread Group 1-1
2025-03-24 16:21:51,385 INFO o.a.j.e.StandardJMeterEngine: Notifying test listeners of end of test
2025-03-24 16:21:51,385 INFO o.a.j.g.u.JMeterMenuBar: setRunning(false, *local*)
2025-03-24 16:28:52,506 INFO o.a.j.e.StandardJMeterEngine: Running the test!
2025-03-24 16:28:52,506 INFO o.a.j.s.SampleEvent: List of sample_variables: []
2025-03-24 16:28:52,506 INFO o.a.j.g.u.JMeterMenuBar: setRunning(true, *local*)
2025-03-24 16:28:52,559 INFO o.a.j.e.StandardJMeterEngine: Starting ThreadGroup: 1 : Thread Group
2025-03-24 16:28:52,559 INFO o.a.j.e.StandardJMeterEngine: Starting 1 threads for group Thread Group.
2025-03-24 16:28:52,559 INFO o.a.j.e.StandardJMeterEngine: Thread will continue on error
2025-03-24 16:28:52,559 INFO o.a.j.t.ThreadGroup: Starting thread group... number=1 threads=1 ramp-up=1 delayedStart=false
2025-03-24 16:28:52,559 INFO o.a.j.t.ThreadGroup: Started thread group number 1
2025-03-24 16:28:52,559 INFO o.a.j.e.StandardJMeterEngine: All thread groups have been started
2025-03-24 16:28:52,559 INFO o.a.j.t.JMeterThread: Thread started: Thread Group 1-1
2025-03-24 16:28:53,633 INFO o.a.j.t.JMeterThread: Thread is done: Thread Group 1-1
2025-03-24 16:28:53,633 INFO o.a.j.t.JMeterThread: Thread finished: Thread Group 1-1
2025-03-24 16:28:53,633 INFO o.a.j.e.StandardJMeterEngine: Notifying test listeners of end of test
2025-03-24 16:28:53,635 INFO o.a.j.g.u.JMeterMenuBar: setRunning(false, *local*)
2025-03-24 16:39:25,848 INFO o.a.j.e.StandardJMeterEngine: Running the test!
2025-03-24 16:39:25,848 INFO o.a.j.s.SampleEvent: List of sample_variables: []
2025-03-24 16:39:25,848 INFO o.a.j.g.u.JMeterMenuBar: setRunning(true, *local*)
2025-03-24 16:39:25,905 INFO o.a.j.e.StandardJMeterEngine: Starting ThreadGroup: 1 : Thread Group
2025-03-24 16:39:25,905 INFO o.a.j.e.StandardJMeterEngine: Starting 10 threads for group Thread Group.
2025-03-24 16:39:25,905 INFO o.a.j.e.StandardJMeterEngine: Thread will continue on error
2025-03-24 16:39:25,905 INFO o.a.j.t.ThreadGroup: Starting thread group... number=1 threads=10 ramp-up=1 delayedStart=false
2025-03-24 16:39:25,905 INFO o.a.j.t.JMeterThread: Thread started: Thread Group 1-1
2025-03-24 16:39:25,907 INFO o.a.j.t.ThreadGroup: Started thread group number 1
2025-03-24 16:39:25,907 INFO o.a.j.e.StandardJMeterEngine: All thread groups have been started
2025-03-24 16:39:26,017 INFO o.a.j.t.JMeterThread: Thread started: Thread Group 1-2
2025-03-24 16:39:26,110 INFO o.a.j.t.JMeterThread: Thread started: Thread Group 1-3
2025-03-24 16:39:26,217 INFO o.a.j.t.JMeterThread: Thread started: Thread Group 1-4
2025-03-24 16:39:26,311 INFO o.a.j.t.JMeterThread: Thread started: Thread Group 1-5
2025-03-24 16:39:26,419 INFO o.a.j.t.JMeterThread: Thread started: Thread Group 1-6
2025-03-24 16:39:26,508 INFO o.a.j.t.JMeterThread: Thread started: Thread Group 1-7
2025-03-24 16:39:26,586 INFO o.a.j.t.JMeterThread: Thread is done: Thread Group 1-1
2025-03-24 16:39:26,586 INFO o.a.j.t.JMeterThread: Thread finished: Thread Group 1-1
2025-03-24 16:39:26,609 INFO o.a.j.t.JMeterThread: Thread started: Thread Group 1-8
2025-03-24 16:39:26,709 INFO o.a.j.t.JMeterThread: Thread started: Thread Group 1-9
2025-03-24 16:39:26,809 INFO o.a.j.t.JMeterThread: Thread started: Thread Group 1-10
2025-03-24 16:39:27,012 INFO o.a.j.t.JMeterThread: Thread is done: Thread Group 1-2
2025-03-24 16:39:27,012 INFO o.a.j.t.JMeterThread: Thread finished: Thread Group 1-2
2025-03-24 16:39:27,100 INFO o.a.j.t.JMeterThread: Thread is done: Thread Group 1-3
2025-03-24 16:39:27,100 INFO o.a.j.t.JMeterThread: Thread finished: Thread Group 1-3
2025-03-24 16:39:27,250 INFO o.a.j.t.JMeterThread: Thread is done: Thread Group 1-4
2025-03-24 16:39:27,250 INFO o.a.j.t.JMeterThread: Thread finished: Thread Group 1-4
2025-03-24 16:39:27,267 INFO o.a.j.t.JMeterThread: Thread is done: Thread Group 1-8
2025-03-24 16:39:27,267 INFO o.a.j.t.JMeterThread: Thread finished: Thread Group 1-8
2025-03-24 16:39:27,322 INFO o.a.j.t.JMeterThread: Thread is done: Thread Group 1-5
2025-03-24 16:39:27,322 INFO o.a.j.t.JMeterThread: Thread finished: Thread Group 1-5
2025-03-24 16:39:27,459 INFO o.a.j.t.JMeterThread: Thread is done: Thread Group 1-6
2025-03-24 16:39:27,459 INFO o.a.j.t.JMeterThread: Thread finished: Thread Group 1-6
2025-03-24 16:39:27,538 INFO o.a.j.t.JMeterThread: Thread is done: Thread Group 1-7
2025-03-24 16:39:27,538 INFO o.a.j.t.JMeterThread: Thread finished: Thread Group 1-7
2025-03-24 16:39:27,715 INFO o.a.j.t.JMeterThread: Thread is done: Thread Group 1-9
2025-03-24 16:39:27,715 INFO o.a.j.t.JMeterThread: Thread finished: Thread Group 1-9
2025-03-24 16:39:27,856 INFO o.a.j.t.JMeterThread: Thread is done: Thread Group 1-10
2025-03-24 16:39:27,856 INFO o.a.j.t.JMeterThread: Thread finished: Thread Group 1-10
2025-03-24 16:39:27,858 INFO o.a.j.e.StandardJMeterEngine: Notifying test listeners of end of test
2025-03-24 16:39:27,858 INFO o.a.j.g.u.JMeterMenuBar: setRunning(false, *local*)
2025-03-24 16:39:39,435 INFO o.a.j.e.StandardJMeterEngine: Running the test!
2025-03-24 16:39:39,435 INFO o.a.j.s.SampleEvent: List of sample_variables: []
2025-03-24 16:39:39,437 INFO o.a.j.g.u.JMeterMenuBar: setRunning(true, *local*)
2025-03-24 16:39:39,487 INFO o.a.j.e.StandardJMeterEngine: Starting ThreadGroup: 1 : Thread Group
2025-03-24 16:39:39,490 INFO o.a.j.e.StandardJMeterEngine: Starting 10 threads for group Thread Group.
2025-03-24 16:39:39,490 INFO o.a.j.e.StandardJMeterEngine: Thread will continue on error
2025-03-24 16:39:39,490 INFO o.a.j.t.ThreadGroup: Starting thread group... number=1 threads=10 ramp-up=1 delayedStart=false
2025-03-24 16:39:39,490 INFO o.a.j.t.JMeterThread: Thread started: Thread Group 1-1
2025-03-24 16:39:39,492 INFO o.a.j.t.ThreadGroup: Started thread group number 1
2025-03-24 16:39:39,492 INFO o.a.j.e.StandardJMeterEngine: All thread groups have been started
2025-03-24 16:39:39,606 INFO o.a.j.t.JMeterThread: Thread started: Thread Group 1-2
2025-03-24 16:39:39,698 INFO o.a.j.t.JMeterThread: Thread started: Thread Group 1-3
2025-03-24 16:39:39,806 INFO o.a.j.t.JMeterThread: Thread started: Thread Group 1-4
2025-03-24 16:39:39,899 INFO o.a.j.t.JMeterThread: Thread started: Thread Group 1-5
2025-03-24 16:39:39,993 INFO o.a.j.t.JMeterThread: Thread started: Thread Group 1-6
2025-03-24 16:39:40,100 INFO o.a.j.t.JMeterThread: Thread started: Thread Group 1-7
2025-03-24 16:39:40,195 INFO o.a.j.t.JMeterThread: Thread started: Thread Group 1-8
2025-03-24 16:39:40,243 INFO o.a.j.t.JMeterThread: Thread is done: Thread Group 1-2
2025-03-24 16:39:40,256 INFO o.a.j.t.JMeterThread: Thread finished: Thread Group 1-2
2025-03-24 16:39:40,306 INFO o.a.j.t.JMeterThread: Thread started: Thread Group 1-9
2025-03-24 16:39:40,401 INFO o.a.j.t.JMeterThread: Thread started: Thread Group 1-10
2025-03-24 16:39:40,452 INFO o.a.j.t.JMeterThread: Thread is done: Thread Group 1-1
2025-03-24 16:39:40,452 INFO o.a.j.t.JMeterThread: Thread finished: Thread Group 1-1
2025-03-24 16:39:40,481 INFO o.a.j.t.JMeterThread: Thread is done: Thread Group 1-4
2025-03-24 16:39:40,481 INFO o.a.j.t.JMeterThread: Thread finished: Thread Group 1-4
2025-03-24 16:39:40,576 INFO o.a.j.t.JMeterThread: Thread is done: Thread Group 1-5
2025-03-24 16:39:40,576 INFO o.a.j.t.JMeterThread: Thread finished: Thread Group 1-5
2025-03-24 16:39:40,715 INFO o.a.j.t.JMeterThread: Thread is done: Thread Group 1-3
2025-03-24 16:39:40,715 INFO o.a.j.t.JMeterThread: Thread finished: Thread Group 1-3
2025-03-24 16:39:40,719 INFO o.a.j.t.JMeterThread: Thread is done: Thread Group 1-7
2025-03-24 16:39:40,719 INFO o.a.j.t.JMeterThread: Thread finished: Thread Group 1-7
2025-03-24 16:39:40,979 INFO o.a.j.t.JMeterThread: Thread is done: Thread Group 1-6
2025-03-24 16:39:40,979 INFO o.a.j.t.JMeterThread: Thread finished: Thread Group 1-6
2025-03-24 16:39:40,989 INFO o.a.j.t.JMeterThread: Thread is done: Thread Group 1-9
2025-03-24 16:39:40,989 INFO o.a.j.t.JMeterThread: Thread finished: Thread Group 1-9
2025-03-24 16:39:41,259 INFO o.a.j.t.JMeterThread: Thread is done: Thread Group 1-8
2025-03-24 16:39:41,259 INFO o.a.j.t.JMeterThread: Thread finished: Thread Group 1-8
2025-03-24 16:39:41,343 INFO o.a.j.t.JMeterThread: Thread is done: Thread Group 1-10
2025-03-24 16:39:41,343 INFO o.a.j.t.JMeterThread: Thread finished: Thread Group 1-10
2025-03-24 16:39:41,343 INFO o.a.j.e.StandardJMeterEngine: Notifying test listeners of end of test
2025-03-24 16:39:41,343 INFO o.a.j.g.u.JMeterMenuBar: setRunning(false, *local*)
2025-03-24 16:51:18,080 INFO o.a.j.s.FileServer: Set new base='D:\Jmeter-Project\Jmeter recordings'
2025-03-24 16:51:18,095 INFO o.a.j.e.StandardJMeterEngine: Running the test!
2025-03-24 16:51:18,095 INFO o.a.j.s.SampleEvent: List of sample_variables: []
2025-03-24 16:51:18,095 INFO o.a.j.g.u.JMeterMenuBar: setRunning(true, *local*)
2025-03-24 16:51:18,158 INFO o.a.j.e.StandardJMeterEngine: Starting ThreadGroup: 1 : Thread Group
2025-03-24 16:51:18,158 INFO o.a.j.e.StandardJMeterEngine: Starting 1 threads for group Thread Group.
2025-03-24 16:51:18,158 INFO o.a.j.e.StandardJMeterEngine: Thread will continue on error
2025-03-24 16:51:18,158 INFO o.a.j.t.ThreadGroup: Starting thread group... number=1 threads=1 ramp-up=1 delayedStart=false
2025-03-24 16:51:18,158 INFO o.a.j.t.ThreadGroup: Started thread group number 1
2025-03-24 16:51:18,158 INFO o.a.j.e.StandardJMeterEngine: All thread groups have been started
2025-03-24 16:51:18,158 INFO o.a.j.t.JMeterThread: Thread started: Thread Group 1-1
2025-03-24 16:51:18,701 INFO o.a.j.t.JMeterThread: Thread is done: Thread Group 1-1
2025-03-24 16:51:18,701 INFO o.a.j.t.JMeterThread: Thread finished: Thread Group 1-1
2025-03-24 16:51:18,701 INFO o.a.j.e.StandardJMeterEngine: Notifying test listeners of end of test
2025-03-24 16:51:18,701 INFO o.a.j.g.u.JMeterMenuBar: setRunning(false, *local*)
2025-03-24 16:51:20,354 INFO o.a.j.e.StandardJMeterEngine: Running the test!
2025-03-24 16:51:20,354 INFO o.a.j.s.SampleEvent: List of sample_variables: []
2025-03-24 16:51:20,354 INFO o.a.j.g.u.JMeterMenuBar: setRunning(true, *local*)
2025-03-24 16:51:20,401 INFO o.a.j.e.StandardJMeterEngine: Starting ThreadGroup: 1 : Thread Group
2025-03-24 16:51:20,401 INFO o.a.j.e.StandardJMeterEngine: Starting 1 threads for group Thread Group.
2025-03-24 16:51:20,401 INFO o.a.j.e.StandardJMeterEngine: Thread will continue on error
2025-03-24 16:51:20,401 INFO o.a.j.t.ThreadGroup: Starting thread group... number=1 threads=1 ramp-up=1 delayedStart=false
2025-03-24 16:51:20,401 INFO o.a.j.t.ThreadGroup: Started thread group number 1
2025-03-24 16:51:20,401 INFO o.a.j.e.StandardJMeterEngine: All thread groups have been started
2025-03-24 16:51:20,401 INFO o.a.j.t.JMeterThread: Thread started: Thread Group 1-1
2025-03-24 16:51:20,878 INFO o.a.j.t.JMeterThread: Thread is done: Thread Group 1-1
2025-03-24 16:51:20,878 INFO o.a.j.t.JMeterThread: Thread finished: Thread Group 1-1
2025-03-24 16:51:20,878 INFO o.a.j.e.StandardJMeterEngine: Notifying test listeners of end of test
2025-03-24 16:51:20,878 INFO o.a.j.g.u.JMeterMenuBar: setRunning(false, *local*)
2025-03-24 17:42:41,695 INFO o.a.j.e.StandardJMeterEngine: Running the test!
2025-03-24 17:42:41,695 INFO o.a.j.s.SampleEvent: List of sample_variables: []
2025-03-24 17:42:41,695 INFO o.a.j.g.u.JMeterMenuBar: setRunning(true, *local*)
2025-03-24 17:42:41,796 INFO o.a.j.e.StandardJMeterEngine: Starting ThreadGroup: 1 : Thread Group
2025-03-24 17:42:41,796 INFO o.a.j.e.StandardJMeterEngine: Starting 1 threads for group Thread Group.
2025-03-24 17:42:41,796 INFO o.a.j.e.StandardJMeterEngine: Thread will continue on error
2025-03-24 17:42:41,796 INFO o.a.j.t.ThreadGroup: Starting thread group... number=1 threads=1 ramp-up=1 delayedStart=false
2025-03-24 17:42:41,796 INFO o.a.j.t.ThreadGroup: Started thread group number 1
2025-03-24 17:42:41,796 INFO o.a.j.e.StandardJMeterEngine: All thread groups have been started
2025-03-24 17:42:41,809 INFO o.a.j.t.JMeterThread: Thread started: Thread Group 1-1
2025-03-24 17:42:41,809 INFO o.a.j.s.FileServer: Stored: D:/Jmeter-Project/Jmeter datas/Users.txt
2025-03-24 17:42:48,339 INFO o.a.j.t.JMeterThread: Thread is done: Thread Group 1-1
2025-03-24 17:42:48,339 INFO o.a.j.t.JMeterThread: Thread finished: Thread Group 1-1
2025-03-24 17:42:48,339 INFO o.a.j.e.StandardJMeterEngine: Notifying test listeners of end of test
2025-03-24 17:42:48,339 INFO o.a.j.s.FileServer: Close: D:/Jmeter-Project/Jmeter datas/Users.txt
2025-03-24 17:42:48,342 INFO o.a.j.g.u.JMeterMenuBar: setRunning(false, *local*)
